RunTime,ExecutableName
2018-03-27 09:33:20,\VOLUME{0000000000000000-4c36f4ac}\AKMONITOR\AKMONITOR.EXE
2018-03-27 09:23:46,\VOLUME{0000000000000000-4c36f4ac}\AKMONITOR\AKMONITOR.EXE
2018-03-27 09:23:02,\VOLUME{0000000000000000-4c36f4ac}\AKMONITOR\AKMONITOR.EXE
2018-04-04 05:57:29,\VOLUME{01d3c5cc91d8a333-aa920881}\WINDOWS\SOFTWAREDISTRIBUTION\DOWNLOAD\INSTALL\AM_BASE_PATCH1.EXE
2018-04-04 05:57:30,\VOLUME{01d3c5cc91d8a333-aa920881}\WINDOWS\SOFTWAREDISTRIBUTION\DOWNLOAD\INSTALL\AM_DELTA.EXE
2018-04-03 06:01:26,\VOLUME{01d3c5cc91d8a333-aa920881}\WINDOWS\SOFTWAREDISTRIBUTION\DOWNLOAD\INSTALL\AM_DELTA.EXE
2018-04-05 04:17:15,\VOLUME{01d3c5cc91d8a333-aa920881}\WINDOWS\SOFTWAREDISTRIBUTION\DOWNLOAD\INSTALL\AM_DELTA_PATCH_1.265.5.0.EXE
2018-04-06 03:47:57,\VOLUME{01d3c5cc91d8a333-aa920881}\WINDOWS\SOFTWAREDISTRIBUTION\DOWNLOAD\INSTALL\AM_DELTA_PATCH_1.265.91.0.EXE
2018-04-04 05:57:27,AM_ENGINE_PATCH_1.1.14600.4.E
2018-03-27 23:38:50,\VOLUME{01d3c5cc91d8a333-aa920881}\WINDOWS\SYSTEM32\APPLICATIONFRAMEHOST.EXE
2018-03-27 10:47:55,\VOLUME{01d3c5cc91d8a333-aa920881}\WINDOWS\SYSTEM32\APPLICATIONFRAMEHOST.EXE
2018-03-27 09:27:12,\VOLUME{01d3c5cc91d8a333-aa920881}\WINDOWS\SYSTEM32\APPLICATIONFRAMEHOST.EXE
2018-04-06 12:35:08,\VOLUME{01d3c5cc91d8a333-aa920881}\WINDOWS\SYSTEM32\AUDIODG.EXE
2018-04-06 12:29:32,\VOLUME{01d3c5cc91d8a333-aa920881}\WINDOWS\SYSTEM32\AUDIODG.EXE
2018-04-06 08:25:30,\VOLUME{01d3c5cc91d8a333-aa920881}\WINDOWS\SYSTEM32\AUDIODG.EXE
2018-04-06 03:38:36,\VOLUME{01d3c5cc91d8a333-aa920881}\WINDOWS\SYSTEM32\AUDIODG.EXE
2018-04-05 07:55:03,\VOLUME{01d3c5cc91d8a333-aa920881}\WINDOWS\SYSTEM32\AUDIODG.EXE
2018-04-05 06:05:46,\VOLUME{01d3c5cc91d8a333-aa920881}\WINDOWS\SYSTEM32\AUDIODG.EXE
2018-04-05 05:48:54,\VOLUME{01d3c5cc91d8a333-aa920881}\WINDOWS\SYSTEM32\AUDIODG.EXE
2018-04-05 05:40:49,\VOLUME{01d3c5cc91d8a333-aa920881}\WINDOWS\SYSTEM32\AUDIODG.EXE
2018-04-06 12:46:39,\VOLUME{01d3c5cc91d8a333-aa920881}\WINDOWS\SYSTEM32\BACKGROUNDTASKHOST.EXE
2018-04-06 08:30:48,\VOLUME{01d3c5cc91d8a333-aa920881}\WINDOWS\SYSTEM32\BACKGROUNDTASKHOST.EXE
2018-04-05 06:06:42,\VOLUME{01d3c5cc91d8a333-aa920881}\WINDOWS\SYSTEM32\BACKGROUNDTASKHOST.EXE
2018-04-05 02:05:03,\VOLUME{01d3c5cc91d8a333-aa920881}\WINDOWS\SYSTEM32\BACKGROUNDTASKHOST.EXE
2018-04-05 01:50:46,\VOLUME{01d3c5cc91d8a333-aa920881}\WINDOWS\SYSTEM32\BACKGROUNDTASKHOST.EXE
2018-04-02 01:43:39,\VOLUME{01d3c5cc91d8a333-aa920881}\WINDOWS\SYSTEM32\BACKGROUNDTASKHOST.EXE
2018-03-31 19:50:08,\VOLUME{01d3c5cc91d8a333-aa920881}\WINDOWS\SYSTEM32\BACKGROUNDTASKHOST.EXE
2018-03-28 01:30:19,\VOLUME{01d3c5cc91d8a333-aa920881}\WINDOWS\SYSTEM32\BACKGROUNDTASKHOST.EXE
2018-04-06 12:27:08,\VOLUME{01d3c5cc91d8a333-aa920881}\WINDOWS\SYSTEM32\BACKGROUNDTASKHOST.EXE
2018-04-05 07:02:27,\VOLUME{01d3c5cc91d8a333-aa920881}\WINDOWS\SYSTEM32\BACKGROUNDTASKHOST.EXE
2018-04-05 02:32:32,\VOLUME{01d3c5cc91d8a333-aa920881}\WINDOWS\SYSTEM32\BACKGROUNDTASKHOST.EXE
2018-04-04 05:00:27,\VOLUME{01d3c5cc91d8a333-aa920881}\WINDOWS\SYSTEM32\BACKGROUNDTASKHOST.EXE
2018-04-04 04:31:47,\VOLUME{01d3c5cc91d8a333-aa920881}\WINDOWS\SYSTEM32\BACKGROUNDTASKHOST.EXE
2018-04-03 05:58:05,\VOLUME{01d3c5cc91d8a333-aa920881}\WINDOWS\SYSTEM32\BACKGROUNDTASKHOST.EXE
2018-03-30 02:15:53,\VOLUME{01d3c5cc91d8a333-aa920881}\WINDOWS\SYSTEM32\BACKGROUNDTASKHOST.EXE
2018-03-28 00:47:14,\VOLUME{01d3c5cc91d8a333-aa920881}\WINDOWS\SYSTEM32\BACKGROUNDTASKHOST.EXE
2018-04-05 02:05:01,\VOLUME{01d3c5cc91d8a333-aa920881}\PROGRAM FILES\BOX\BOX SYNC\BOXSYNC.EXE
2018-03-29 20:23:34,\VOLUME{01d3c5cc91d8a333-aa920881}\PROGRAM FILES\BOX\BOX SYNC\BOXSYNC.EXE
2018-03-28 00:50:59,\VOLUME{01d3c5cc91d8a333-aa920881}\PROGRAM FILES\BOX\BOX SYNC\BOXSYNC.EXE
2018-03-28 00:44:34,\VOLUME{01d3c5cc91d8a333-aa920881}\PROGRAM FILES\BOX\BOX SYNC\BOXSYNC.EXE
2018-03-28 00:44:06,\VOLUME{01d3c5cc91d8a333-aa920881}\USERS\JCLOUDY\APPDATA\LOCAL\TEMP\{9EBCAC37-0510-410F-8500-9B9A88A0BCC8}\.BE\BOXSYNCSETUP.EXE
2018-03-28 00:44:00,\VOLUME{01d3c5cc91d8a333-aa920881}\USERS\JCLOUDY\APPDATA\LOCAL\TEMP\{9F3FD110-97F4-40D1-9270-5588913DB144}\.CR\BOXSYNCSETUP.EXE
2018-04-05 01:51:51,\VOLUME{01d3c5cc91d8a333-aa920881}\WINDOWS\SYSTEM32\BYTECODEGENERATOR.EXE
2018-04-01 22:46:16,\VOLUME{01d3c5cc91d8a333-aa920881}\WINDOWS\SYSTEM32\BYTECODEGENERATOR.EXE
2018-04-01 22:46:15,\VOLUME{01d3c5cc91d8a333-aa920881}\WINDOWS\SYSTEM32\BYTECODEGENERATOR.EXE
2018-03-27 09:55:33,\VOLUME{01d3c5cc91d8a333-aa920881}\WINDOWS\SYSTEM32\BYTECODEGENERATOR.EXE
2018-03-27 09:53:51,\VOLUME{01d3c5cc91d8a333-aa920881}\WINDOWS\SYSTEM32\BYTECODEGENERATOR.EXE
2018-03-27 09:52:16,\VOLUME{01d3c5cc91d8a333-aa920881}\WINDOWS\SYSTEM32\BYTECODEGENERATOR.EXE
2018-03-27 09:36:21,\VOLUME{01d3c5cc91d8a333-aa920881}\WINDOWS\SYSTEM32\BYTECODEGENERATOR.EXE
2018-03-31 19:50:05,\VOLUME{01d3c5cc91d8a333-aa920881}\PROGRAM FILES\WINDOWSAPPS\MICROSOFT.WINDOWSCALCULATOR_10.1803.711.0_X64__8WEKYB3D8BBWE\CALCULATOR.EXE
2018-03-31 20:09:32,\VOLUME{01d3c5cc91d8a333-aa920881}\PROGRAM FILES (X86)\GOOGLE\CHROME\APPLICATION\CHROME.EXE
2018-03-30 04:30:13,\VOLUME{01d3c5cc91d8a333-aa920881}\PROGRAM FILES (X86)\GOOGLE\CHROME\APPLICATION\CHROME.EXE
2018-03-30 03:35:57,\VOLUME{01d3c5cc91d8a333-aa920881}\PROGRAM FILES (X86)\GOOGLE\CHROME\APPLICATION\CHROME.EXE
2018-03-30 02:26:03,\VOLUME{01d3c5cc91d8a333-aa920881}\PROGRAM FILES (X86)\GOOGLE\CHROME\APPLICATION\CHROME.EXE
2018-03-28 00:05:43,\VOLUME{01d3c5cc91d8a333-aa920881}\PROGRAM FILES (X86)\GOOGLE\CHROME\APPLICATION\CHROME.EXE
2018-03-27 09:51:18,\VOLUME{01d3c5cc91d8a333-aa920881}\PROGRAM FILES (X86)\GOOGLE\CHROME\APPLICATION\CHROME.EXE
2018-03-27 09:32:51,\VOLUME{01d3c5cc91d8a333-aa920881}\PROGRAM FILES (X86)\GOOGLE\CHROME\APPLICATION\CHROME.EXE
2018-04-06 03:55:43,\VOLUME{01d3c5cc91d8a333-aa920881}\PROGRAM FILES (X86)\GOOGLE\CHROME\APPLICATION\CHROME.EXE
2018-04-06 03:54:21,\VOLUME{01d3c5cc91d8a333-aa920881}\PROGRAM FILES (X86)\GOOGLE\CHROME\APPLICATION\CHROME.EXE
2018-04-05 05:50:51,\VOLUME{01d3c5cc91d8a333-aa920881}\PROGRAM FILES (X86)\GOOGLE\CHROME\APPLICATION\CHROME.EXE
2018-04-05 05:47:47,\VOLUME{01d3c5cc91d8a333-aa920881}\PROGRAM FILES (X86)\GOOGLE\CHROME\APPLICATION\CHROME.EXE
2018-04-05 05:45:24,\VOLUME{01d3c5cc91d8a333-aa920881}\PROGRAM FILES (X86)\GOOGLE\CHROME\APPLICATION\CHROME.EXE
2018-03-31 20:09:32,\VOLUME{01d3c5cc91d8a333-aa920881}\PROGRAM FILES (X86)\GOOGLE\CHROME\APPLICATION\CHROME.EXE
2018-03-30 04:30:13,\VOLUME{01d3c5cc91d8a333-aa920881}\PROGRAM FILES (X86)\GOOGLE\CHROME\APPLICATION\CHROME.EXE
2018-03-30 03:35:57,\VOLUME{01d3c5cc91d8a333-aa920881}\PROGRAM FILES (X86)\GOOGLE\CHROME\APPLICATION\CHROME.EXE
2018-03-30 02:26:03,\VOLUME{01d3c5cc91d8a333-aa920881}\PROGRAM FILES (X86)\GOOGLE\CHROME\APPLICATION\CHROME.EXE
2018-03-28 00:05:43,\VOLUME{01d3c5cc91d8a333-aa920881}\PROGRAM FILES (X86)\GOOGLE\CHROME\APPLICATION\CHROME.EXE
2018-03-27 09:58:23,\VOLUME{01d3c5cc91d8a333-aa920881}\PROGRAM FILES (X86)\GOOGLE\CHROME\APPLICATION\CHROME.EXE
2018-03-27 09:51:18,\VOLUME{01d3c5cc91d8a333-aa920881}\PROGRAM FILES (X86)\GOOGLE\CHROME\APPLICATION\CHROME.EXE
2018-03-27 09:32:51,\VOLUME{01d3c5cc91d8a333-aa920881}\PROGRAM FILES (X86)\GOOGLE\CHROME\APPLICATION\CHROME.EXE
2018-04-06 12:34:21,\VOLUME{01d3c5cc91d8a333-aa920881}\PROGRAM FILES (X86)\GOOGLE\CHROME\APPLICATION\CHROME.EXE
2018-04-06 12:26:22,\VOLUME{01d3c5cc91d8a333-aa920881}\PROGRAM FILES (X86)\GOOGLE\CHROME\APPLICATION\CHROME.EXE
2018-04-06 06:56:25,\VOLUME{01d3c5cc91d8a333-aa920881}\PROGRAM FILES (X86)\GOOGLE\CHROME\APPLICATION\CHROME.EXE
2018-04-06 04:10:50,\VOLUME{01d3c5cc91d8a333-aa920881}\PROGRAM FILES (X86)\GOOGLE\CHROME\APPLICATION\CHROME.EXE
2018-04-06 03:54:43,\VOLUME{01d3c5cc91d8a333-aa920881}\PROGRAM FILES (X86)\GOOGLE\CHROME\APPLICATION\CHROME.EXE
2018-04-06 03:30:50,\VOLUME{01d3c5cc91d8a333-aa920881}\PROGRAM FILES (X86)\GOOGLE\CHROME\APPLICATION\CHROME.EXE
2018-04-05 07:54:26,\VOLUME{01d3c5cc91d8a333-aa920881}\PROGRAM FILES (X86)\GOOGLE\CHROME\APPLICATION\CHROME.EXE
2018-04-05 07:01:15,\VOLUME{01d3c5cc91d8a333-aa920881}\PROGRAM FILES (X86)\GOOGLE\CHROME\APPLICATION\CHROME.EXE
2018-04-05 02:05:02,\VOLUME{01d3c5cc91d8a333-aa920881}\WINDOWS\SYSTEM32\CMD.EXE
2018-03-29 20:23:35,\VOLUME{01d3c5cc91d8a333-aa920881}\WINDOWS\SYSTEM32\CMD.EXE
2018-03-29 20:23:33,\VOLUME{01d3c5cc91d8a333-aa920881}\WINDOWS\SYSTEM32\CMD.EXE
2018-03-29 20:23:12,\VOLUME{01d3c5cc91d8a333-aa920881}\WINDOWS\SYSTEM32\CMD.EXE
2018-03-28 00:51:00,\VOLUME{01d3c5cc91d8a333-aa920881}\WINDOWS\SYSTEM32\CMD.EXE
2018-03-28 00:44:35,\VOLUME{01d3c5cc91d8a333-aa920881}\WINDOWS\SYSTEM32\CMD.EXE
2018-04-05 08:42:25,\VOLUME{01d3c5cc91d8a333-aa920881}\WINDOWS\SYSTEM32\COMPATTELRUNNER.EXE
2018-04-04 05:45:48,\VOLUME{01d3c5cc91d8a333-aa920881}\WINDOWS\SYSTEM32\COMPATTELRUNNER.EXE
2018-03-31 18:01:52,\VOLUME{01d3c5cc91d8a333-aa920881}\WINDOWS\SYSTEM32\COMPATTELRUNNER.EXE
2018-03-29 20:23:48,\VOLUME{01d3c5cc91d8a333-aa920881}\WINDOWS\SYSTEM32\COMPATTELRUNNER.EXE
2018-03-29 15:59:28,\VOLUME{01d3c5cc91d8a333-aa920881}\WINDOWS\SYSTEM32\COMPATTELRUNNER.EXE
2018-03-28 13:45:48,\VOLUME{01d3c5cc91d8a333-aa920881}\WINDOWS\SYSTEM32\COMPATTELRUNNER.EXE
2018-03-28 00:05:33,\VOLUME{01d3c5cc91d8a333-aa920881}\WINDOWS\SYSTEM32\COMPATTELRUNNER.EXE
2018-03-27 09:35:10,\VOLUME{01d3c5cc91d8a333-aa920881}\WINDOWS\SYSTEM32\COMPATTELRUNNER.EXE
2018-04-06 12:29:29,\VOLUME{01d3c5cc91d8a333-aa920881}\WINDOWS\SYSTEM32\CONHOST.EXE
2018-04-05 08:16:53,\VOLUME{01d3c5cc91d8a333-aa920881}\WINDOWS\SYSTEM32\CONHOST.EXE
2018-04-05 02:05:02,\VOLUME{01d3c5cc91d8a333-aa920881}\WINDOWS\SYSTEM32\CONHOST.EXE
2018-04-04 06:29:27,\VOLUME{01d3c5cc91d8a333-aa920881}\WINDOWS\SYSTEM32\CONHOST.EXE
2018-04-04 06:00:11,\VOLUME{01d3c5cc91d8a333-aa920881}\WINDOWS\SYSTEM32\CONHOST.EXE
2018-04-04 05:45:48,\VOLUME{01d3c5cc91d8a333-aa920881}\WINDOWS\SYSTEM32\CONHOST.EXE
2018-04-04 05:45:48,\VOLUME{01d3c5cc91d8a333-aa920881}\WINDOWS\SYSTEM32\CONHOST.EXE
2018-04-04 04:31:45,\VOLUME{01d3c5cc91d8a333-aa920881}\WINDOWS\SYSTEM32\CONHOST.EXE
2018-04-06 12:40:36,\VOLUME{01d3c5cc91d8a333-aa920881}\WINDOWS\SYSTEM32\CONSENT.EXE
2018-03-28 00:47:42,\VOLUME{01d3c5cc91d8a333-aa920881}\WINDOWS\SYSTEM32\CONSENT.EXE
2018-03-28 00:44:04,\VOLUME{01d3c5cc91d8a333-aa920881}\WINDOWS\SYSTEM32\CONSENT.EXE
2018-03-28 00:03:20,\VOLUME{01d3c5cc91d8a333-aa920881}\WINDOWS\SYSTEM32\CONSENT.EXE
2018-03-27 23:51:10,\VOLUME{01d3c5cc91d8a333-aa920881}\WINDOWS\SYSTEM32\CONSENT.EXE
2018-03-27 23:40:34,\VOLUME{01d3c5cc91d8a333-aa920881}\WINDOWS\SYSTEM32\CONSENT.EXE
2018-03-27 09:50:20,\VOLUME{01d3c5cc91d8a333-aa920881}\WINDOWS\SYSTEM32\CONSENT.EXE
2018-03-27 09:36:32,\VOLUME{01d3c5cc91d8a333-aa920881}\WINDOWS\SYSTEM32\CONSENT.EXE
2018-03-27 09:52:44,\VOLUME{01d3c5cc91d8a333-aa920881}\WINDOWS\SYSTEM32\COREDPUSSVR.EXE
2018-03-27 09:52:02,\VOLUME{01d3c5cc91d8a333-aa920881}\WINDOWS\SYSTEM32\COREDPUSSVR.EXE
2018-04-06 04:13:17,\VOLUME{01d3c5cc91d8a333-aa920881}\WINDOWS\SYSTEM32\COREDPUSSVR.EXE
2018-04-05 02:18:38,\VOLUME{01d3c5cc91d8a333-aa920881}\WINDOWS\SYSTEM32\COREDPUSSVR.EXE
2018-03-28 00:15:50,\VOLUME{01d3c5cc91d8a333-aa920881}\WINDOWS\SYSTEM32\COREDPUSSVR.EXE
2018-04-06 12:27:25,\VOLUME{01d3c5cc91d8a333-aa920881}\WINDOWS\SYSTEM32\DLLHOST.EXE
2018-04-06 08:24:51,\VOLUME{01d3c5cc91d8a333-aa920881}\WINDOWS\SYSTEM32\DLLHOST.EXE
2018-04-06 06:57:05,\VOLUME{01d3c5cc91d8a333-aa920881}\WINDOWS\SYSTEM32\DLLHOST.EXE
2018-04-06 06:14:44,\VOLUME{01d3c5cc91d8a333-aa920881}\WINDOWS\SYSTEM32\DLLHOST.EXE
2018-04-06 03:33:46,\VOLUME{01d3c5cc91d8a333-aa920881}\WINDOWS\SYSTEM32\DLLHOST.EXE
2018-04-05 08:09:57,\VOLUME{01d3c5cc91d8a333-aa920881}\WINDOWS\SYSTEM32\DLLHOST.EXE
2018-04-05 07:16:45,\VOLUME{01d3c5cc91d8a333-aa920881}\WINDOWS\SYSTEM32\DLLHOST.EXE
2018-04-05 01:51:33,\VOLUME{01d3c5cc91d8a333-aa920881}\WINDOWS\SYSTEM32\DLLHOST.EXE
2018-04-06 12:39:45,\VOLUME{01d3c5cc91d8a333-aa920881}\WINDOWS\SYSTEM32\DLLHOST.EXE
2018-04-06 12:35:19,\VOLUME{01d3c5cc91d8a333-aa920881}\WINDOWS\SYSTEM32\DLLHOST.EXE
2018-04-06 08:28:58,\VOLUME{01d3c5cc91d8a333-aa920881}\WINDOWS\SYSTEM32\DLLHOST.EXE
2018-04-06 07:24:38,\VOLUME{01d3c5cc91d8a333-aa920881}\WINDOWS\SYSTEM32\DLLHOST.EXE
2018-04-06 07:15:28,\VOLUME{01d3c5cc91d8a333-aa920881}\WINDOWS\SYSTEM32\DLLHOST.EXE
2018-04-06 06:14:43,\VOLUME{01d3c5cc91d8a333-aa920881}\WINDOWS\SYSTEM32\DLLHOST.EXE
2018-04-06 03:55:04,\VOLUME{01d3c5cc91d8a333-aa920881}\WINDOWS\SYSTEM32\DLLHOST.EXE
2018-04-06 03:44:15,\VOLUME{01d3c5cc91d8a333-aa920881}\WINDOWS\SYSTEM32\DLLHOST.EXE
2018-04-06 12:40:38,\VOLUME{01d3c5cc91d8a333-aa920881}\WINDOWS\SYSTEM32\DLLHOST.EXE
2018-04-06 12:40:38,\VOLUME{01d3c5cc91d8a333-aa920881}\WINDOWS\SYSTEM32\DLLHOST.EXE
2018-04-06 12:26:32,\VOLUME{01d3c5cc91d8a333-aa920881}\WINDOWS\SYSTEM32\DLLHOST.EXE
2018-04-06 07:23:13,\VOLUME{01d3c5cc91d8a333-aa920881}\WINDOWS\SYSTEM32\DLLHOST.EXE
2018-04-06 03:47:50,\VOLUME{01d3c5cc91d8a333-aa920881}\WINDOWS\SYSTEM32\DLLHOST.EXE
2018-04-06 03:33:38,\VOLUME{01d3c5cc91d8a333-aa920881}\WINDOWS\SYSTEM32\DLLHOST.EXE
2018-04-05 08:16:54,\VOLUME{01d3c5cc91d8a333-aa920881}\WINDOWS\SYSTEM32\DLLHOST.EXE
2018-04-05 04:16:53,\VOLUME{01d3c5cc91d8a333-aa920881}\WINDOWS\SYSTEM32\DLLHOST.EXE
2018-04-05 02:39:04,\VOLUME{01d3c5cc91d8a333-aa920881}\WINDOWS\SYSWOW64\DLLHOST.EXE
2018-04-04 04:54:19,\VOLUME{01d3c5cc91d8a333-aa920881}\WINDOWS\SYSWOW64\DLLHOST.EXE
2018-03-30 02:16:22,\VOLUME{01d3c5cc91d8a333-aa920881}\WINDOWS\SYSWOW64\DLLHOST.EXE
2018-04-06 03:40:11,\VOLUME{01d3c5cc91d8a333-aa920881}\WINDOWS\SYSTEM32\DLLHOST.EXE
2018-04-06 08:31:49,\VOLUME{01d3c5cc91d8a333-aa920881}\WINDOWS\SYSTEM32\DLLHOST.EXE
2018-04-04 04:30:38,\VOLUME{01d3c5cc91d8a333-aa920881}\WINDOWS\SYSTEM32\DLLHOST.EXE
2018-03-28 00:47:42,\VOLUME{01d3c5cc91d8a333-aa920881}\WINDOWS\SYSTEM32\DLLHOST.EXE
2018-03-27 12:15:02,\VOLUME{01d3c5cc91d8a333-aa920881}\WINDOWS\SYSTEM32\DLLHOST.EXE
2018-03-27 12:13:30,\VOLUME{01d3c5cc91d8a333-aa920881}\WINDOWS\SYSTEM32\DLLHOST.EXE
2018-04-06 08:31:55,\VOLUME{01d3c5cc91d8a333-aa920881}\WINDOWS\SYSWOW64\DLLHOST.EXE
2018-04-06 08:31:49,\VOLUME{01d3c5cc91d8a333-aa920881}\WINDOWS\SYSWOW64\DLLHOST.EXE
2018-04-05 01:50:41,\VOLUME{01d3c5cc91d8a333-aa920881}\WINDOWS\SYSTEM32\DLLHOST.EXE
2018-03-28 00:47:06,\VOLUME{01d3c5cc91d8a333-aa920881}\WINDOWS\SYSTEM32\DLLHOST.EXE
2018-03-28 00:43:54,\VOLUME{01d3c5cc91d8a333-aa920881}\WINDOWS\SYSTEM32\DLLHOST.EXE
2018-03-28 00:15:39,\VOLUME{01d3c5cc91d8a333-aa920881}\WINDOWS\SYSTEM32\DLLHOST.EXE
2018-03-27 23:41:09,\VOLUME{01d3c5cc91d8a333-aa920881}\WINDOWS\SYSTEM32\DLLHOST.EXE
2018-03-27 23:38:36,\VOLUME{01d3c5cc91d8a333-aa920881}\WINDOWS\SYSTEM32\DLLHOST.EXE
2018-03-27 09:58:07,\VOLUME{01d3c5cc91d8a333-aa920881}\WINDOWS\SYSTEM32\DLLHOST.EXE
2018-03-27 09:52:44,\VOLUME{01d3c5cc91d8a333-aa920881}\WINDOWS\SYSTEM32\DLLHOST.EXE
2018-03-27 23:39:14,\VOLUME{01d3c5cc91d8a333-aa920881}\WINDOWS\SYSTEM32\DLLHOST.EXE
2018-03-27 09:32:59,\VOLUME{01d3c5cc91d8a333-aa920881}\WINDOWS\SYSTEM32\DLLHOST.EXE
2018-04-06 12:35:09,\VOLUME{01d3c5cc91d8a333-aa920881}\PROGRAM FILES (X86)\DROPBOX\CLIENT\DROPBOX.EXE
2018-04-06 12:35:09,\VOLUME{01d3c5cc91d8a333-aa920881}\PROGRAM FILES (X86)\DROPBOX\CLIENT\DROPBOX.EXE
2018-04-02 01:43:38,\VOLUME{01d3c5cc91d8a333-aa920881}\PROGRAM FILES (X86)\DROPBOX\CLIENT\DROPBOX.EXE
2018-04-02 01:43:38,\VOLUME{01d3c5cc91d8a333-aa920881}\PROGRAM FILES (X86)\DROPBOX\CLIENT\DROPBOX.EXE
2018-04-02 01:43:38,\VOLUME{01d3c5cc91d8a333-aa920881}\PROGRAM FILES (X86)\DROPBOX\CLIENT\DROPBOX.EXE
2018-04-02 01:43:26,\VOLUME{01d3c5cc91d8a333-aa920881}\PROGRAM FILES (X86)\DROPBOX\CLIENT\DROPBOX.EXE
2018-04-02 01:43:26,\VOLUME{01d3c5cc91d8a333-aa920881}\PROGRAM FILES (X86)\DROPBOX\CLIENT\DROPBOX.EXE
2018-04-02 01:43:26,\VOLUME{01d3c5cc91d8a333-aa920881}\PROGRAM FILES (X86)\DROPBOX\CLIENT\DROPBOX.EXE
2018-03-28 00:03:21,\VOLUME{01d3c5cc91d8a333-aa920881}\USERS\JCLOUDY\APPDATA\LOCAL\TEMP\GUMC3F.TMP\DROPBOXUPDATE.EXE
2018-03-28 00:03:20,\VOLUME{01d3c5cc91d8a333-aa920881}\USERS\JCLOUDY\APPDATA\LOCAL\TEMP\GUMC3F.TMP\DROPBOXUPDATE.EXE
2018-04-06 08:28:03,\VOLUME{01d3c5cc91d8a333-aa920881}\PROGRAM FILES (X86)\DROPBOX\UPDATE\DROPBOXUPDATE.EXE
2018-04-06 06:43:00,\VOLUME{01d3c5cc91d8a333-aa920881}\PROGRAM FILES (X86)\DROPBOX\UPDATE\DROPBOXUPDATE.EXE
2018-04-06 04:07:33,\VOLUME{01d3c5cc91d8a333-aa920881}\PROGRAM FILES (X86)\DROPBOX\UPDATE\DROPBOXUPDATE.EXE
2018-04-06 04:07:33,\VOLUME{01d3c5cc91d8a333-aa920881}\PROGRAM FILES (X86)\DROPBOX\UPDATE\DROPBOXUPDATE.EXE
2018-04-05 08:45:47,\VOLUME{01d3c5cc91d8a333-aa920881}\PROGRAM FILES (X86)\DROPBOX\UPDATE\DROPBOXUPDATE.EXE
2018-04-05 08:35:24,\VOLUME{01d3c5cc91d8a333-aa920881}\PROGRAM FILES (X86)\DROPBOX\UPDATE\DROPBOXUPDATE.EXE
2018-04-05 07:25:06,\VOLUME{01d3c5cc91d8a333-aa920881}\PROGRAM FILES (X86)\DROPBOX\UPDATE\DROPBOXUPDATE.EXE
2018-04-05 07:25:06,\VOLUME{01d3c5cc91d8a333-aa920881}\PROGRAM FILES (X86)\DROPBOX\UPDATE\DROPBOXUPDATE.EXE
2018-04-06 12:35:08,\VOLUME{01d3c5cc91d8a333-aa920881}\WINDOWS\SYSTEM32\DRVINST.EXE
2018-03-27 09:45:41,\VOLUME{01d3c5cc91d8a333-aa920881}\WINDOWS\SYSTEM32\DRVINST.EXE
2018-03-27 09:22:38,\VOLUME{01d3c5cc91d8a333-aa920881}\WINDOWS\SYSTEM32\DRVINST.EXE
2018-03-27 09:22:37,\VOLUME{01d3c5cc91d8a333-aa920881}\WINDOWS\SYSTEM32\DRVINST.EXE
2018-03-27 09:22:22,\VOLUME{01d3c5cc91d8a333-aa920881}\WINDOWS\SYSTEM32\DRVINST.EXE
2018-03-27 09:20:35,\VOLUME{01d3c5cc91d8a333-aa920881}\WINDOWS\SYSTEM32\DRVINST.EXE
2018-03-27 09:20:15,\VOLUME{01d3c5cc91d8a333-aa920881}\WINDOWS\SYSTEM32\DRVINST.EXE
2018-03-27 09:17:24,\VOLUME{01d3c5cc91d8a333-aa920881}\WINDOWS\SYSTEM32\DRVINST.EXE
2018-04-06 12:27:04,\VOLUME{01d3c5cc91d8a333-aa920881}\PROGRAM FILES (X86)\MICROSOFT OFFICE\ROOT\OFFICE16\EXCEL.EXE
2018-03-28 00:44:22,\VOLUME{01d3c5cc91d8a333-aa920881}\WINDOWS\EXPLORER.EXE
2018-03-28 00:43:24,\VOLUME{01d3c5cc91d8a333-aa920881}\WINDOWS\EXPLORER.EXE
2018-04-04 05:40:08,\VOLUME{01d3c5cc91d8a333-aa920881}\USERS\JCLOUDY\APPDATA\LOCAL\MICROSOFT\ONEDRIVE\18.025.0204.0009\FILECOAUTH.EXE
2018-03-27 21:28:35,\VOLUME{01d3c5cc91d8a333-aa920881}\USERS\JCLOUDY\APPDATA\LOCAL\MICROSOFT\ONEDRIVE\18.025.0204.0009\FILECOAUTH.EXE
2018-04-04 05:59:40,\VOLUME{01d3c5cc91d8a333-aa920881}\USERS\JCLOUDY\APPDATA\LOCAL\MICROSOFT\ONEDRIVE\18.044.0301.0006\FILESYNCCONFIG.EXE
2018-03-27 09:19:58,\VOLUME{01d3c5cc91d8a333-aa920881}\WINDOWS\SYSTEM32\OOBE\FIRSTLOGONANIM.EXE
2018-04-06 12:41:20,\VOLUME{0000000000000000-407f6516}\PROGRAMS\IMAGER_LITE_3.1.1\FTK IMAGER.EXE
2018-04-06 12:40:38,\VOLUME{0000000000000000-407f6516}\CFRS 780 LONE WOLF SCENARIO\FTK_IMAGER_4_2_0\FTK IMAGER\FTK IMAGER.EXE
2018-04-05 01:53:42,\VOLUME{01d3c5cc91d8a333-aa920881}\PROGRAM FILES\GOOGLE\DRIVE\GOOGLEDRIVESYNC.EXE
2018-04-05 01:50:55,\VOLUME{01d3c5cc91d8a333-aa920881}\PROGRAM FILES\GOOGLE\DRIVE\GOOGLEDRIVESYNC.EXE
2018-04-05 01:50:47,\VOLUME{01d3c5cc91d8a333-aa920881}\PROGRAM FILES\GOOGLE\DRIVE\GOOGLEDRIVESYNC.EXE
2018-03-31 20:09:28,\VOLUME{01d3c5cc91d8a333-aa920881}\PROGRAM FILES\GOOGLE\DRIVE\GOOGLEDRIVESYNC.EXE
2018-03-30 03:35:54,\VOLUME{01d3c5cc91d8a333-aa920881}\PROGRAM FILES\GOOGLE\DRIVE\GOOGLEDRIVESYNC.EXE
2018-03-30 03:35:47,\VOLUME{01d3c5cc91d8a333-aa920881}\PROGRAM FILES\GOOGLE\DRIVE\GOOGLEDRIVESYNC.EXE
2018-03-30 02:25:59,\VOLUME{01d3c5cc91d8a333-aa920881}\PROGRAM FILES\GOOGLE\DRIVE\GOOGLEDRIVESYNC.EXE
2018-03-30 02:25:52,\VOLUME{01d3c5cc91d8a333-aa920881}\PROGRAM FILES\GOOGLE\DRIVE\GOOGLEDRIVESYNC.EXE
2018-03-27 09:29:35,\VOLUME{01d3c5cc91d8a333-aa920881}\PROGRAM FILES (X86)\GUMFC2E.TMP\GOOGLEUPDATE.EXE
2018-03-27 23:40:34,\VOLUME{01d3c5cc91d8a333-aa920881}\USERS\JCLOUDY\APPDATA\LOCAL\TEMP\GUM350B.TMP\GOOGLEUPDATE.EXE
2018-04-06 08:34:27,\VOLUME{01d3c5cc91d8a333-aa920881}\PROGRAM FILES (X86)\GOOGLE\UPDATE\GOOGLEUPDATE.EXE
2018-04-06 03:30:50,\VOLUME{01d3c5cc91d8a333-aa920881}\PROGRAM FILES (X86)\GOOGLE\UPDATE\GOOGLEUPDATE.EXE
2018-04-05 07:55:05,\VOLUME{01d3c5cc91d8a333-aa920881}\PROGRAM FILES (X86)\GOOGLE\UPDATE\GOOGLEUPDATE.EXE
2018-04-05 01:49:09,\VOLUME{01d3c5cc91d8a333-aa920881}\PROGRAM FILES (X86)\GOOGLE\UPDATE\GOOGLEUPDATE.EXE
2018-04-04 19:33:37,\VOLUME{01d3c5cc91d8a333-aa920881}\PROGRAM FILES (X86)\GOOGLE\UPDATE\GOOGLEUPDATE.EXE
2018-04-04 14:34:03,\VOLUME{01d3c5cc91d8a333-aa920881}\PROGRAM FILES (X86)\GOOGLE\UPDATE\GOOGLEUPDATE.EXE
2018-04-04 09:34:19,\VOLUME{01d3c5cc91d8a333-aa920881}\PROGRAM FILES (X86)\GOOGLE\UPDATE\GOOGLEUPDATE.EXE
2018-04-04 04:31:02,\VOLUME{01d3c5cc91d8a333-aa920881}\PROGRAM FILES (X86)\GOOGLE\UPDATE\GOOGLEUPDATE.EXE
2018-03-27 23:40:37,\VOLUME{01d3c5cc91d8a333-aa920881}\PROGRAM FILES (X86)\GUM41FB.TMP\GOOGLEUPDATE.EXE
2018-03-27 09:29:29,\VOLUME{01d3c5cc91d8a333-aa920881}\USERS\JCLOUDY\APPDATA\LOCAL\TEMP\GUME1E0.TMP\GOOGLEUPDATE.EXE
2018-04-06 03:30:44,\VOLUME{01d3c5cc91d8a333-aa920881}\PROGRAM FILES\WINDOWSAPPS\MICROSOFT.WINDOWSCOMMUNICATIONSAPPS_17.9126.21425.0_X64__8WEKYB3D8BBWE\HXTSR.EXE
2018-03-30 03:03:20,\VOLUME{01d3c5cc91d8a333-aa920881}\WINDOWS\SYSTEMAPPS\MICROSOFT.LOCKAPP_CW5N1H2TXYEWY\LOCKAPP.EXE
2018-04-06 08:34:55,\VOLUME{01d3c5cc91d8a333-aa920881}\WINDOWS\SYSTEM32\LOGONUI.EXE
2018-04-06 07:50:46,\VOLUME{01d3c5cc91d8a333-aa920881}\WINDOWS\SYSTEM32\LOGONUI.EXE
2018-04-06 06:45:00,\VOLUME{01d3c5cc91d8a333-aa920881}\WINDOWS\SYSTEM32\LOGONUI.EXE
2018-04-06 04:39:03,\VOLUME{01d3c5cc91d8a333-aa920881}\WINDOWS\SYSTEM32\LOGONUI.EXE
2018-04-05 09:08:47,\VOLUME{01d3c5cc91d8a333-aa920881}\WINDOWS\SYSTEM32\LOGONUI.EXE
2018-04-05 07:33:36,\VOLUME{01d3c5cc91d8a333-aa920881}\WINDOWS\SYSTEM32\LOGONUI.EXE
2018-04-05 06:39:19,\VOLUME{01d3c5cc91d8a333-aa920881}\WINDOWS\SYSTEM32\LOGONUI.EXE
2018-04-04 21:29:06,\VOLUME{01d3c5cc91d8a333-aa920881}\WINDOWS\SYSTEM32\LOGONUI.EXE
2018-04-04 05:46:00,\VOLUME{01d3c5cc91d8a333-aa920881}\WINDOWS\SYSTEM32\MAKECAB.EXE
2018-04-04 05:40:26,\VOLUME{01d3c5cc91d8a333-aa920881}\PROGRAM FILES\WINDOWSAPPS\MICROSOFT.BINGWEATHER_4.23.10923.0_X64__8WEKYB3D8BBWE\MICROSOFT.MSN.WEATHER.EXE
2018-03-27 09:54:21,\VOLUME{01d3c5cc91d8a333-aa920881}\PROGRAM FILES\WINDOWSAPPS\MICROSOFT.MICROSOFTSKYDRIVE_17.28.4.0_X64__8WEKYB3D8BBWE\MICROSOFT.ONEDRIVE.APP.EXE
2018-04-06 12:46:49,\VOLUME{01d3c5cc91d8a333-aa920881}\PROGRAM FILES\WINDOWSAPPS\MICROSOFT.WINDOWS.PHOTOS_2018.18022.15810.0_X64__8WEKYB3D8BBWE\MICROSOFT.PHOTOS.EXE
2018-04-05 02:45:27,\VOLUME{01d3c5cc91d8a333-aa920881}\PROGRAM FILES\WINDOWSAPPS\MICROSOFT.WINDOWS.PHOTOS_2018.18022.15810.0_X64__8WEKYB3D8BBWE\MICROSOFT.PHOTOS.EXE
2018-04-04 05:40:07,\VOLUME{01d3c5cc91d8a333-aa920881}\PROGRAM FILES\WINDOWSAPPS\MICROSOFT.WINDOWS.PHOTOS_2018.18021.12420.0_X64__8WEKYB3D8BBWE\MICROSOFT.PHOTOS.EXE
2018-04-02 01:12:51,\VOLUME{01d3c5cc91d8a333-aa920881}\PROGRAM FILES\WINDOWSAPPS\MICROSOFT.WINDOWS.PHOTOS_2018.18021.12420.0_X64__8WEKYB3D8BBWE\MICROSOFT.PHOTOS.EXE
2018-04-02 01:12:41,\VOLUME{01d3c5cc91d8a333-aa920881}\PROGRAM FILES\WINDOWSAPPS\MICROSOFT.WINDOWS.PHOTOS_2018.18021.12420.0_X64__8WEKYB3D8BBWE\MICROSOFT.PHOTOS.EXE
2018-04-02 01:10:21,\VOLUME{01d3c5cc91d8a333-aa920881}\PROGRAM FILES\WINDOWSAPPS\MICROSOFT.WINDOWS.PHOTOS_2018.18021.12420.0_X64__8WEKYB3D8BBWE\MICROSOFT.PHOTOS.EXE
2018-03-27 23:38:50,\VOLUME{01d3c5cc91d8a333-aa920881}\WINDOWS\SYSTEMAPPS\MICROSOFT.MICROSOFTEDGE_8WEKYB3D8BBWE\MICROSOFTEDGE.EXE
2018-03-27 09:28:51,\VOLUME{01d3c5cc91d8a333-aa920881}\WINDOWS\SYSTEMAPPS\MICROSOFT.MICROSOFTEDGE_8WEKYB3D8BBWE\MICROSOFTEDGE.EXE
2018-03-27 09:35:24,\VOLUME{01d3c5cc91d8a333-aa920881}\WINDOWS\SYSTEMAPPS\MICROSOFT.MICROSOFTEDGE_8WEKYB3D8BBWE\MICROSOFTEDGECP.EXE
2018-03-27 09:29:58,\VOLUME{01d3c5cc91d8a333-aa920881}\WINDOWS\SYSTEMAPPS\MICROSOFT.MICROSOFTEDGE_8WEKYB3D8BBWE\MICROSOFTEDGECP.EXE
2018-03-27 09:29:33,\VOLUME{01d3c5cc91d8a333-aa920881}\WINDOWS\SYSTEMAPPS\MICROSOFT.MICROSOFTEDGE_8WEKYB3D8BBWE\MICROSOFTEDGECP.EXE
2018-03-27 09:29:07,\VOLUME{01d3c5cc91d8a333-aa920881}\WINDOWS\SYSTEMAPPS\MICROSOFT.MICROSOFTEDGE_8WEKYB3D8BBWE\MICROSOFTEDGECP.EXE
2018-03-27 09:29:07,\VOLUME{01d3c5cc91d8a333-aa920881}\WINDOWS\SYSTEMAPPS\MICROSOFT.MICROSOFTEDGE_8WEKYB3D8BBWE\MICROSOFTEDGECP.EXE
2018-03-27 09:29:07,\VOLUME{01d3c5cc91d8a333-aa920881}\WINDOWS\SYSTEMAPPS\MICROSOFT.MICROSOFTEDGE_8WEKYB3D8BBWE\MICROSOFTEDGECP.EXE
2018-03-27 09:29:03,\VOLUME{01d3c5cc91d8a333-aa920881}\WINDOWS\SYSTEMAPPS\MICROSOFT.MICROSOFTEDGE_8WEKYB3D8BBWE\MICROSOFTEDGECP.EXE
2018-03-27 09:29:01,\VOLUME{01d3c5cc91d8a333-aa920881}\WINDOWS\SYSTEMAPPS\MICROSOFT.MICROSOFTEDGE_8WEKYB3D8BBWE\MICROSOFTEDGECP.EXE
2018-04-06 03:40:11,\VOLUME{01d3c5cc91d8a333-aa920881}\PROGRAMDATA\MICROSOFT\WINDOWS DEFENDER\PLATFORM\4.12.17007.18022-0\MPCMDRUN.EXE
2018-04-05 08:16:53,\VOLUME{01d3c5cc91d8a333-aa920881}\PROGRAMDATA\MICROSOFT\WINDOWS DEFENDER\PLATFORM\4.12.17007.18022-0\MPCMDRUN.EXE
2018-04-05 08:16:53,\VOLUME{01d3c5cc91d8a333-aa920881}\PROGRAMDATA\MICROSOFT\WINDOWS DEFENDER\PLATFORM\4.12.17007.18022-0\MPCMDRUN.EXE
2018-04-05 01:58:29,\VOLUME{01d3c5cc91d8a333-aa920881}\PROGRAMDATA\MICROSOFT\WINDOWS DEFENDER\PLATFORM\4.12.17007.18022-0\MPCMDRUN.EXE
2018-04-03 06:07:59,\VOLUME{01d3c5cc91d8a333-aa920881}\PROGRAMDATA\MICROSOFT\WINDOWS DEFENDER\PLATFORM\4.12.17007.18022-0\MPCMDRUN.EXE
2018-04-02 01:31:22,\VOLUME{01d3c5cc91d8a333-aa920881}\PROGRAMDATA\MICROSOFT\WINDOWS DEFENDER\PLATFORM\4.12.17007.18022-0\MPCMDRUN.EXE
2018-04-01 22:53:07,\VOLUME{01d3c5cc91d8a333-aa920881}\PROGRAMDATA\MICROSOFT\WINDOWS DEFENDER\PLATFORM\4.12.17007.18022-0\MPCMDRUN.EXE
2018-03-30 21:18:59,\VOLUME{01d3c5cc91d8a333-aa920881}\PROGRAMDATA\MICROSOFT\WINDOWS DEFENDER\PLATFORM\4.12.17007.18022-0\MPCMDRUN.EXE
2018-04-05 04:17:15,\VOLUME{01d3c5cc91d8a333-aa920881}\WINDOWS\SYSTEM32\MPSIGSTUB.EXE
2018-04-04 05:57:27,\VOLUME{01d3c5cc91d8a333-aa920881}\WINDOWS\SYSTEM32\MPSIGSTUB.EXE
2018-04-03 06:01:26,\VOLUME{01d3c5cc91d8a333-aa920881}\WINDOWS\SYSTEM32\MPSIGSTUB.EXE
2018-04-01 05:42:15,\VOLUME{01d3c5cc91d8a333-aa920881}\WINDOWS\SYSTEM32\MPSIGSTUB.EXE
2018-03-31 04:14:38,\VOLUME{01d3c5cc91d8a333-aa920881}\WINDOWS\SYSTEM32\MPSIGSTUB.EXE
2018-03-27 23:35:25,\VOLUME{01d3c5cc91d8a333-aa920881}\WINDOWS\SYSTEM32\MPSIGSTUB.EXE
2018-03-27 09:39:36,\VOLUME{01d3c5cc91d8a333-aa920881}\WINDOWS\SYSTEM32\MPSIGSTUB.EXE
2018-03-27 09:39:24,\VOLUME{01d3c5cc91d8a333-aa920881}\WINDOWS\SYSTEM32\MPSIGSTUB.EXE
2018-04-05 08:42:29,\VOLUME{01d3c5cc91d8a333-aa920881}\WINDOWS\MICROSOFT.NET\FRAMEWORK\V4.0.30319\MSCORSVW.EXE
2018-04-04 05:45:58,\VOLUME{01d3c5cc91d8a333-aa920881}\WINDOWS\MICROSOFT.NET\FRAMEWORK\V4.0.30319\MSCORSVW.EXE
2018-03-31 18:02:02,\VOLUME{01d3c5cc91d8a333-aa920881}\WINDOWS\MICROSOFT.NET\FRAMEWORK\V4.0.30319\MSCORSVW.EXE
2018-03-29 15:59:30,\VOLUME{01d3c5cc91d8a333-aa920881}\WINDOWS\MICROSOFT.NET\FRAMEWORK\V4.0.30319\MSCORSVW.EXE
2018-03-28 13:45:55,\VOLUME{01d3c5cc91d8a333-aa920881}\WINDOWS\MICROSOFT.NET\FRAMEWORK\V4.0.30319\MSCORSVW.EXE
2018-03-28 13:45:55,\VOLUME{01d3c5cc91d8a333-aa920881}\WINDOWS\MICROSOFT.NET\FRAMEWORK\V4.0.30319\MSCORSVW.EXE
2018-03-27 10:51:28,\VOLUME{01d3c5cc91d8a333-aa920881}\WINDOWS\MICROSOFT.NET\FRAMEWORK\V4.0.30319\MSCORSVW.EXE
2018-03-27 10:51:28,\VOLUME{01d3c5cc91d8a333-aa920881}\WINDOWS\MICROSOFT.NET\FRAMEWORK\V4.0.30319\MSCORSVW.EXE
2018-04-04 05:45:59,\VOLUME{01d3c5cc91d8a333-aa920881}\WINDOWS\MICROSOFT.NET\FRAMEWORK64\V4.0.30319\MSCORSVW.EXE
2018-03-31 18:02:00,\VOLUME{01d3c5cc91d8a333-aa920881}\WINDOWS\MICROSOFT.NET\FRAMEWORK64\V4.0.30319\MSCORSVW.EXE
2018-03-29 20:23:18,\VOLUME{01d3c5cc91d8a333-aa920881}\WINDOWS\MICROSOFT.NET\FRAMEWORK64\V4.0.30319\MSCORSVW.EXE
2018-03-29 20:23:18,\VOLUME{01d3c5cc91d8a333-aa920881}\WINDOWS\MICROSOFT.NET\FRAMEWORK64\V4.0.30319\MSCORSVW.EXE
2018-03-29 01:59:28,\VOLUME{01d3c5cc91d8a333-aa920881}\WINDOWS\MICROSOFT.NET\FRAMEWORK64\V4.0.30319\MSCORSVW.EXE
2018-03-29 01:59:28,\VOLUME{01d3c5cc91d8a333-aa920881}\WINDOWS\MICROSOFT.NET\FRAMEWORK64\V4.0.30319\MSCORSVW.EXE
2018-03-28 00:44:11,\VOLUME{01d3c5cc91d8a333-aa920881}\WINDOWS\MICROSOFT.NET\FRAMEWORK64\V4.0.30319\MSCORSVW.EXE
2018-03-28 00:44:10,\VOLUME{01d3c5cc91d8a333-aa920881}\WINDOWS\MICROSOFT.NET\FRAMEWORK64\V4.0.30319\MSCORSVW.EXE
2018-03-29 20:23:13,\VOLUME{01d3c5cc91d8a333-aa920881}\WINDOWS\SYSTEM32\MSIEXEC.EXE
2018-03-29 20:23:13,\VOLUME{01d3c5cc91d8a333-aa920881}\WINDOWS\SYSTEM32\MSIEXEC.EXE
2018-03-28 00:44:07,\VOLUME{01d3c5cc91d8a333-aa920881}\WINDOWS\SYSTEM32\MSIEXEC.EXE
2018-03-28 00:03:23,\VOLUME{01d3c5cc91d8a333-aa920881}\WINDOWS\SYSTEM32\MSIEXEC.EXE
2018-03-27 23:46:39,\VOLUME{01d3c5cc91d8a333-aa920881}\WINDOWS\SYSTEM32\MSIEXEC.EXE
2018-03-27 23:46:39,\VOLUME{01d3c5cc91d8a333-aa920881}\WINDOWS\SYSTEM32\MSIEXEC.EXE
2018-03-27 23:46:37,\VOLUME{01d3c5cc91d8a333-aa920881}\WINDOWS\SYSTEM32\MSIEXEC.EXE
2018-03-27 09:45:18,\VOLUME{01d3c5cc91d8a333-aa920881}\WINDOWS\SYSTEM32\MSIEXEC.EXE
2018-03-29 20:23:14,\VOLUME{01d3c5cc91d8a333-aa920881}\WINDOWS\SYSWOW64\MSIEXEC.EXE
2018-03-28 00:44:08,\VOLUME{01d3c5cc91d8a333-aa920881}\WINDOWS\SYSWOW64\MSIEXEC.EXE
2018-03-27 23:46:37,\VOLUME{01d3c5cc91d8a333-aa920881}\WINDOWS\SYSWOW64\MSIEXEC.EXE
2018-03-27 23:46:38,\VOLUME{01d3c5cc91d8a333-aa920881}\WINDOWS\SYSWOW64\MSIEXEC.EXE
2018-03-27 09:47:33,\VOLUME{01d3c5cc91d8a333-aa920881}\WINDOWS\SYSWOW64\MSIEXEC.EXE
2018-03-27 09:47:32,\VOLUME{01d3c5cc91d8a333-aa920881}\WINDOWS\SYSWOW64\MSIEXEC.EXE
2018-03-27 09:47:27,\VOLUME{01d3c5cc91d8a333-aa920881}\WINDOWS\SYSWOW64\MSIEXEC.EXE
2018-03-27 09:47:16,\VOLUME{01d3c5cc91d8a333-aa920881}\WINDOWS\SYSWOW64\MSIEXEC.EXE
2018-04-04 05:45:58,\VOLUME{01d3c5cc91d8a333-aa920881}\WINDOWS\MICROSOFT.NET\FRAMEWORK64\V4.0.30319\NGEN.EXE
2018-03-31 18:02:02,\VOLUME{01d3c5cc91d8a333-aa920881}\WINDOWS\MICROSOFT.NET\FRAMEWORK64\V4.0.30319\NGEN.EXE
2018-03-29 20:23:18,\VOLUME{01d3c5cc91d8a333-aa920881}\WINDOWS\MICROSOFT.NET\FRAMEWORK64\V4.0.30319\NGEN.EXE
2018-03-29 01:59:27,\VOLUME{01d3c5cc91d8a333-aa920881}\WINDOWS\MICROSOFT.NET\FRAMEWORK64\V4.0.30319\NGEN.EXE
2018-03-28 01:16:13,\VOLUME{01d3c5cc91d8a333-aa920881}\WINDOWS\MICROSOFT.NET\FRAMEWORK64\V4.0.30319\NGEN.EXE
2018-03-28 00:44:22,\VOLUME{01d3c5cc91d8a333-aa920881}\WINDOWS\MICROSOFT.NET\FRAMEWORK64\V4.0.30319\NGEN.EXE
2018-03-27 10:58:31,\VOLUME{01d3c5cc91d8a333-aa920881}\WINDOWS\MICROSOFT.NET\FRAMEWORK64\V4.0.30319\NGEN.EXE
2018-03-27 10:51:03,\VOLUME{01d3c5cc91d8a333-aa920881}\WINDOWS\MICROSOFT.NET\FRAMEWORK64\V4.0.30319\NGEN.EXE
2018-04-05 08:42:29,\VOLUME{01d3c5cc91d8a333-aa920881}\WINDOWS\MICROSOFT.NET\FRAMEWORK\V4.0.30319\NGEN.EXE
2018-04-04 05:45:59,\VOLUME{01d3c5cc91d8a333-aa920881}\WINDOWS\MICROSOFT.NET\FRAMEWORK\V4.0.30319\NGEN.EXE
2018-03-31 18:02:02,\VOLUME{01d3c5cc91d8a333-aa920881}\WINDOWS\MICROSOFT.NET\FRAMEWORK\V4.0.30319\NGEN.EXE
2018-03-29 15:59:30,\VOLUME{01d3c5cc91d8a333-aa920881}\WINDOWS\MICROSOFT.NET\FRAMEWORK\V4.0.30319\NGEN.EXE
2018-03-28 13:46:20,\VOLUME{01d3c5cc91d8a333-aa920881}\WINDOWS\MICROSOFT.NET\FRAMEWORK\V4.0.30319\NGEN.EXE
2018-03-27 10:58:31,\VOLUME{01d3c5cc91d8a333-aa920881}\WINDOWS\MICROSOFT.NET\FRAMEWORK\V4.0.30319\NGEN.EXE
2018-03-27 10:51:36,\VOLUME{01d3c5cc91d8a333-aa920881}\WINDOWS\MICROSOFT.NET\FRAMEWORK\V4.0.30319\NGEN.EXE
2018-03-27 09:47:22,\VOLUME{01d3c5cc91d8a333-aa920881}\WINDOWS\MICROSOFT.NET\FRAMEWORK\V4.0.30319\NGEN.EXE
2018-04-04 05:46:03,\VOLUME{01d3c5cc91d8a333-aa920881}\WINDOWS\MICROSOFT.NET\FRAMEWORK\V4.0.30319\NGENTASK.EXE
2018-04-04 05:45:51,\VOLUME{01d3c5cc91d8a333-aa920881}\WINDOWS\MICROSOFT.NET\FRAMEWORK\V4.0.30319\NGENTASK.EXE
2018-03-31 18:02:07,\VOLUME{01d3c5cc91d8a333-aa920881}\WINDOWS\MICROSOFT.NET\FRAMEWORK\V4.0.30319\NGENTASK.EXE
2018-03-28 13:46:35,\VOLUME{01d3c5cc91d8a333-aa920881}\WINDOWS\MICROSOFT.NET\FRAMEWORK\V4.0.30319\NGENTASK.EXE
2018-03-27 10:58:31,\VOLUME{01d3c5cc91d8a333-aa920881}\WINDOWS\MICROSOFT.NET\FRAMEWORK\V4.0.30319\NGENTASK.EXE
2018-03-27 10:49:33,\VOLUME{01d3c5cc91d8a333-aa920881}\WINDOWS\MICROSOFT.NET\FRAMEWORK\V4.0.30319\NGENTASK.EXE
2018-04-05 08:42:26,\VOLUME{01d3c5cc91d8a333-aa920881}\WINDOWS\MICROSOFT.NET\FRAMEWORK64\V4.0.30319\NGENTASK.EXE
2018-04-04 05:45:59,\VOLUME{01d3c5cc91d8a333-aa920881}\WINDOWS\MICROSOFT.NET\FRAMEWORK64\V4.0.30319\NGENTASK.EXE
2018-03-31 18:02:06,\VOLUME{01d3c5cc91d8a333-aa920881}\WINDOWS\MICROSOFT.NET\FRAMEWORK64\V4.0.30319\NGENTASK.EXE
2018-03-29 20:23:19,\VOLUME{01d3c5cc91d8a333-aa920881}\WINDOWS\MICROSOFT.NET\FRAMEWORK64\V4.0.30319\NGENTASK.EXE
2018-03-29 02:00:39,\VOLUME{01d3c5cc91d8a333-aa920881}\WINDOWS\MICROSOFT.NET\FRAMEWORK64\V4.0.30319\NGENTASK.EXE
2018-03-29 01:59:27,\VOLUME{01d3c5cc91d8a333-aa920881}\WINDOWS\MICROSOFT.NET\FRAMEWORK64\V4.0.30319\NGENTASK.EXE
2018-03-28 01:16:12,\VOLUME{01d3c5cc91d8a333-aa920881}\WINDOWS\MICROSOFT.NET\FRAMEWORK64\V4.0.30319\NGENTASK.EXE
2018-03-27 10:58:31,\VOLUME{01d3c5cc91d8a333-aa920881}\WINDOWS\MICROSOFT.NET\FRAMEWORK64\V4.0.30319\NGENTASK.EXE
2018-03-27 09:23:14,\VOLUME{01d3c5cc91d8a333-aa920881}\WINDOWS\SYSTEM32\NOTEPAD.EXE
2018-04-06 12:40:37,\VOLUME{01d3c5cc91d8a333-aa920881}\PROGRAM FILES\NVIDIA CORPORATION\DISPLAY\NVTRAY.EXE
2018-04-06 08:34:55,\VOLUME{01d3c5cc91d8a333-aa920881}\PROGRAM FILES\NVIDIA CORPORATION\DISPLAY\NVTRAY.EXE
2018-04-06 08:24:40,\VOLUME{01d3c5cc91d8a333-aa920881}\PROGRAM FILES\NVIDIA CORPORATION\DISPLAY\NVTRAY.EXE
2018-04-06 07:50:47,\VOLUME{01d3c5cc91d8a333-aa920881}\PROGRAM FILES\NVIDIA CORPORATION\DISPLAY\NVTRAY.EXE
2018-04-06 06:56:22,\VOLUME{01d3c5cc91d8a333-aa920881}\PROGRAM FILES\NVIDIA CORPORATION\DISPLAY\NVTRAY.EXE
2018-04-06 06:45:01,\VOLUME{01d3c5cc91d8a333-aa920881}\PROGRAM FILES\NVIDIA CORPORATION\DISPLAY\NVTRAY.EXE
2018-04-06 06:14:37,\VOLUME{01d3c5cc91d8a333-aa920881}\PROGRAM FILES\NVIDIA CORPORATION\DISPLAY\NVTRAY.EXE
2018-04-06 04:39:04,\VOLUME{01d3c5cc91d8a333-aa920881}\PROGRAM FILES\NVIDIA CORPORATION\DISPLAY\NVTRAY.EXE
2018-04-06 12:29:32,\VOLUME{01d3c5cc91d8a333-aa920881}\PROGRAM FILES\COMMON FILES\MICROSOFT SHARED\CLICKTORUN\OFFICEC2RCLIENT.EXE
2018-04-04 04:33:47,\VOLUME{01d3c5cc91d8a333-aa920881}\PROGRAM FILES\COMMON FILES\MICROSOFT SHARED\CLICKTORUN\OFFICEC2RCLIENT.EXE
2018-03-27 09:36:00,\VOLUME{01d3c5cc91d8a333-aa920881}\PROGRAM FILES\COMMON FILES\MICROSOFT SHARED\CLICKTORUN\OFFICEC2RCLIENT.EXE
2018-04-06 12:29:29,\VOLUME{01d3c5cc91d8a333-aa920881}\PROGRAM FILES\COMMON FILES\MICROSOFT SHARED\CLICKTORUN\OFFICECLICKTORUN.EXE
2018-04-06 12:29:30,\VOLUME{01d3c5cc91d8a333-aa920881}\PROGRAM FILES\COMMON FILES\MICROSOFT SHARED\CLICKTORUN\OFFICECLICKTORUN.EXE
2018-04-04 04:33:45,\VOLUME{01d3c5cc91d8a333-aa920881}\PROGRAM FILES\COMMON FILES\MICROSOFT SHARED\CLICKTORUN\OFFICECLICKTORUN.EXE
2018-04-04 04:33:44,\VOLUME{01d3c5cc91d8a333-aa920881}\PROGRAM FILES\COMMON FILES\MICROSOFT SHARED\CLICKTORUN\OFFICECLICKTORUN.EXE
2018-04-01 07:41:21,\VOLUME{01d3c5cc91d8a333-aa920881}\PROGRAM FILES\COMMON FILES\MICROSOFT SHARED\CLICKTORUN\OFFICECLICKTORUN.EXE
2018-04-01 07:41:21,\VOLUME{01d3c5cc91d8a333-aa920881}\PROGRAM FILES\COMMON FILES\MICROSOFT SHARED\CLICKTORUN\OFFICECLICKTORUN.EXE
2018-03-30 21:12:15,\VOLUME{01d3c5cc91d8a333-aa920881}\PROGRAM FILES\COMMON FILES\MICROSOFT SHARED\CLICKTORUN\OFFICECLICKTORUN.EXE
2018-03-30 21:12:16,\VOLUME{01d3c5cc91d8a333-aa920881}\PROGRAM FILES\COMMON FILES\MICROSOFT SHARED\CLICKTORUN\OFFICECLICKTORUN.EXE
2018-04-04 05:59:40,\VOLUME{01d3c5cc91d8a333-aa920881}\USERS\JCLOUDY\APPDATA\LOCAL\MICROSOFT\ONEDRIVE\ONEDRIVE.EXE
2018-03-27 09:57:04,\VOLUME{01d3c5cc91d8a333-aa920881}\USERS\JCLOUDY\APPDATA\LOCAL\MICROSOFT\ONEDRIVE\ONEDRIVE.EXE
2018-03-27 09:51:00,\VOLUME{01d3c5cc91d8a333-aa920881}\USERS\JCLOUDY\APPDATA\LOCAL\MICROSOFT\ONEDRIVE\ONEDRIVE.EXE
2018-03-27 09:22:45,\VOLUME{01d3c5cc91d8a333-aa920881}\USERS\JCLOUDY\APPDATA\LOCAL\MICROSOFT\ONEDRIVE\ONEDRIVE.EXE
2018-03-27 09:21:46,\VOLUME{01d3c5cc91d8a333-aa920881}\USERS\JCLOUDY\APPDATA\LOCAL\MICROSOFT\ONEDRIVE\ONEDRIVE.EXE
2018-04-04 05:58:13,ONEDRIVESETUP.EXE
2018-04-04 05:58:11,ONEDRIVESETUP.EXE
2018-03-27 09:21:58,ONEDRIVESETUP.EXE
2018-03-27 09:21:57,ONEDRIVESETUP.EXE
2018-04-05 08:33:04,\VOLUME{01d3c5cc91d8a333-aa920881}\PROGRAM FILES\WINDOWSAPPS\MICROSOFT.OFFICE.ONENOTE_17.9126.20561.0_X64__8WEKYB3D8BBWE\ONENOTEIM.EXE
2018-04-06 07:24:28,\VOLUME{01d3c5cc91d8a333-aa920881}\PROGRAM FILES\WINDOWSAPPS\MICROSOFT.OFFICE.ONENOTE_17.9126.21251.0_X64__8WEKYB3D8BBWE\ONENOTEIM.EXE
2018-03-27 09:49:22,\VOLUME{01d3c5cc91d8a333-aa920881}\PROGRAM FILES\WINDOWSAPPS\MICROSOFT.OFFICE.ONENOTE_17.8366.57611.0_X64__8WEKYB3D8BBWE\ONENOTEIM.EXE
2018-03-27 12:15:03,\VOLUME{01d3c5cc91d8a333-aa920881}\WINDOWS\SYSTEMAPPS\MICROSOFT.WINDOWS.OOBENETWORKCONNECTIONFLOW_CW5N1H2TXYEWY\OOBENETWORKCONNECTIONFLOW.EXE
2018-04-02 01:10:18,\VOLUME{01d3c5cc91d8a333-aa920881}\WINDOWS\SYSTEM32\OPENWITH.EXE
2018-03-27 09:51:12,\VOLUME{01d3c5cc91d8a333-aa920881}\WINDOWS\SYSTEM32\OPENWITH.EXE
2018-03-27 09:54:28,\VOLUME{01d3c5cc91d8a333-aa920881}\WINDOWS\SYSTEM32\PICKERHOST.EXE
2018-04-04 05:00:26,\VOLUME{01d3c5cc91d8a333-aa920881}\PROGRAM FILES (X86)\MICROSOFT OFFICE\ROOT\OFFICE16\POWERPNT.EXE
2018-04-04 04:31:45,\VOLUME{01d3c5cc91d8a333-aa920881}\PROGRAM FILES (X86)\MICROSOFT OFFICE\ROOT\OFFICE16\POWERPNT.EXE
2018-04-06 03:56:32,\VOLUME{01d3c5cc91d8a333-aa920881}\WINDOWS\SYSTEM32\PRINTFILTERPIPELINESVC.EXE
2018-04-06 03:55:01,\VOLUME{01d3c5cc91d8a333-aa920881}\WINDOWS\SYSTEM32\PRINTFILTERPIPELINESVC.EXE
2018-04-05 05:51:41,\VOLUME{01d3c5cc91d8a333-aa920881}\WINDOWS\SYSTEM32\PRINTFILTERPIPELINESVC.EXE
2018-04-05 05:48:40,\VOLUME{01d3c5cc91d8a333-aa920881}\WINDOWS\SYSTEM32\PRINTFILTERPIPELINESVC.EXE
2018-03-29 21:10:15,\VOLUME{01d3c5cc91d8a333-aa920881}\WINDOWS\SYSWOW64\REGSVR32.EXE
2018-03-29 21:10:15,\VOLUME{01d3c5cc91d8a333-aa920881}\WINDOWS\SYSWOW64\REGSVR32.EXE
2018-03-28 00:05:16,\VOLUME{01d3c5cc91d8a333-aa920881}\WINDOWS\SYSWOW64\REGSVR32.EXE
2018-03-28 00:05:16,\VOLUME{01d3c5cc91d8a333-aa920881}\WINDOWS\SYSWOW64\REGSVR32.EXE
2018-03-28 00:05:15,\VOLUME{01d3c5cc91d8a333-aa920881}\WINDOWS\SYSWOW64\REGSVR32.EXE
2018-03-28 00:05:15,\VOLUME{01d3c5cc91d8a333-aa920881}\WINDOWS\SYSWOW64\REGSVR32.EXE
2018-03-27 09:21:30,\VOLUME{01d3c5cc91d8a333-aa920881}\WINDOWS\SYSWOW64\REGSVR32.EXE
2018-03-27 09:21:30,\VOLUME{01d3c5cc91d8a333-aa920881}\WINDOWS\SYSWOW64\REGSVR32.EXE
2018-04-06 12:26:30,\VOLUME{01d3c5cc91d8a333-aa920881}\WINDOWS\SYSWOW64\RUNDLL32.EXE
2018-04-06 12:26:23,\VOLUME{01d3c5cc91d8a333-aa920881}\WINDOWS\SYSTEM32\RUNDLL32.EXE
2018-04-06 07:24:28,\VOLUME{01d3c5cc91d8a333-aa920881}\WINDOWS\SYSTEM32\RUNDLL32.EXE
2018-04-06 03:34:02,\VOLUME{01d3c5cc91d8a333-aa920881}\WINDOWS\SYSTEM32\RUNDLL32.EXE
2018-04-05 02:45:21,\VOLUME{01d3c5cc91d8a333-aa920881}\WINDOWS\SYSTEM32\RUNDLL32.EXE
2018-04-05 01:51:50,\VOLUME{01d3c5cc91d8a333-aa920881}\WINDOWS\SYSTEM32\RUNDLL32.EXE
2018-04-04 04:33:45,\VOLUME{01d3c5cc91d8a333-aa920881}\WINDOWS\SYSTEM32\RUNDLL32.EXE
2018-04-03 06:01:34,\VOLUME{01d3c5cc91d8a333-aa920881}\WINDOWS\SYSTEM32\RUNDLL32.EXE
2018-03-27 10:49:10,\VOLUME{01d3c5cc91d8a333-aa920881}\WINDOWS\SYSTEM32\RUNDLL32.EXE
2018-03-27 10:46:58,\VOLUME{01d3c5cc91d8a333-aa920881}\WINDOWS\SYSTEM32\RUNDLL32.EXE
2018-04-06 12:26:27,\VOLUME{01d3c5cc91d8a333-aa920881}\WINDOWS\SYSWOW64\RUNDLL32.EXE
2018-04-06 12:39:44,\VOLUME{01d3c5cc91d8a333-aa920881}\WINDOWS\SYSTEM32\RUNDLL32.EXE
2018-04-06 12:26:30,\VOLUME{01d3c5cc91d8a333-aa920881}\WINDOWS\SYSTEM32\RUNDLL32.EXE
2018-04-06 12:26:23,\VOLUME{01d3c5cc91d8a333-aa920881}\WINDOWS\SYSWOW64\RUNDLL32.EXE
2018-04-06 06:24:45,\VOLUME{01d3c5cc91d8a333-aa920881}\WINDOWS\SYSTEM32\RUNDLL32.EXE
2018-04-06 06:14:34,\VOLUME{01d3c5cc91d8a333-aa920881}\WINDOWS\SYSTEM32\RUNDLL32.EXE
2018-04-04 05:45:48,\VOLUME{01d3c5cc91d8a333-aa920881}\WINDOWS\SYSTEM32\RUNDLL32.EXE
2018-03-31 18:01:51,\VOLUME{01d3c5cc91d8a333-aa920881}\WINDOWS\SYSTEM32\RUNDLL32.EXE
2018-03-29 13:45:48,\VOLUME{01d3c5cc91d8a333-aa920881}\WINDOWS\SYSTEM32\RUNDLL32.EXE
2018-04-06 12:26:26,\VOLUME{01d3c5cc91d8a333-aa920881}\WINDOWS\SYSTEM32\RUNDLL32.EXE
2018-04-06 04:13:16,\VOLUME{01d3c5cc91d8a333-aa920881}\WINDOWS\SYSTEM32\RUNTIMEBROKER.EXE
2018-04-05 02:18:38,\VOLUME{01d3c5cc91d8a333-aa920881}\WINDOWS\SYSTEM32\RUNTIMEBROKER.EXE
2018-03-28 00:22:46,\VOLUME{01d3c5cc91d8a333-aa920881}\WINDOWS\SYSTEM32\RUNTIMEBROKER.EXE
2018-03-28 00:15:50,\VOLUME{01d3c5cc91d8a333-aa920881}\WINDOWS\SYSTEM32\RUNTIMEBROKER.EXE
2018-04-05 02:45:21,RUNTIMEBROKER.EXE
2018-04-06 12:27:08,\VOLUME{01d3c5cc91d8a333-aa920881}\WINDOWS\SYSTEM32\RUNTIMEBROKER.EXE
2018-04-05 07:02:27,\VOLUME{01d3c5cc91d8a333-aa920881}\WINDOWS\SYSTEM32\RUNTIMEBROKER.EXE
2018-04-05 02:32:32,\VOLUME{01d3c5cc91d8a333-aa920881}\WINDOWS\SYSTEM32\RUNTIMEBROKER.EXE
2018-04-04 05:00:27,\VOLUME{01d3c5cc91d8a333-aa920881}\WINDOWS\SYSTEM32\RUNTIMEBROKER.EXE
2018-04-04 04:31:47,\VOLUME{01d3c5cc91d8a333-aa920881}\WINDOWS\SYSTEM32\RUNTIMEBROKER.EXE
2018-03-30 02:15:53,\VOLUME{01d3c5cc91d8a333-aa920881}\WINDOWS\SYSTEM32\RUNTIMEBROKER.EXE
2018-03-28 00:47:14,\VOLUME{01d3c5cc91d8a333-aa920881}\WINDOWS\SYSTEM32\RUNTIMEBROKER.EXE
2018-03-28 00:43:54,\VOLUME{01d3c5cc91d8a333-aa920881}\WINDOWS\SYSTEM32\RUNTIMEBROKER.EXE
2018-04-06 12:45:23,\VOLUME{01d3c5cc91d8a333-aa920881}\WINDOWS\SYSTEM32\RUNTIMEBROKER.EXE
2018-04-05 05:40:47,\VOLUME{01d3c5cc91d8a333-aa920881}\WINDOWS\SYSTEM32\RUNTIMEBROKER.EXE
2018-04-05 02:44:23,\VOLUME{01d3c5cc91d8a333-aa920881}\WINDOWS\SYSTEM32\RUNTIMEBROKER.EXE
2018-04-05 08:33:05,\VOLUME{01d3c5cc91d8a333-aa920881}\WINDOWS\SYSTEM32\RUNTIMEBROKER.EXE
2018-04-06 07:24:29,\VOLUME{01d3c5cc91d8a333-aa920881}\WINDOWS\SYSTEM32\RUNTIMEBROKER.EXE
2018-03-27 23:51:10,\VOLUME{01d3c5cc91d8a333-aa920881}\USERS\JCLOUDY\APPDATA\LOCAL\TEMP\IS-SE75Q.TMP\S3BROWSER-7-6-9.TMP
2018-03-27 23:51:12,\VOLUME{01d3c5cc91d8a333-aa920881}\USERS\JCLOUDY\APPDATA\LOCAL\TEMP\IS-121NE.TMP\S3BROWSER-7-6-9.TMP
2018-04-05 06:06:42,\VOLUME{01d3c5cc91d8a333-aa920881}\PROGRAM FILES\S3 BROWSER\S3BROWSER-WIN32.EXE
2018-04-05 02:23:51,\VOLUME{01d3c5cc91d8a333-aa920881}\PROGRAM FILES\S3 BROWSER\S3BROWSER-WIN32.EXE
2018-04-04 05:31:06,\VOLUME{01d3c5cc91d8a333-aa920881}\PROGRAM FILES\S3 BROWSER\S3BROWSER-WIN32.EXE
2018-04-02 01:37:00,\VOLUME{01d3c5cc91d8a333-aa920881}\PROGRAM FILES\S3 BROWSER\S3BROWSER-WIN32.EXE
2018-03-27 23:57:21,\VOLUME{01d3c5cc91d8a333-aa920881}\PROGRAM FILES\S3 BROWSER\S3BROWSER-WIN32.EXE
2018-04-06 12:29:29,\VOLUME{01d3c5cc91d8a333-aa920881}\WINDOWS\SYSTEM32\SCHTASKS.EXE
2018-04-04 04:31:45,\VOLUME{01d3c5cc91d8a333-aa920881}\WINDOWS\SYSTEM32\SCHTASKS.EXE
2018-04-01 07:41:20,\VOLUME{01d3c5cc91d8a333-aa920881}\WINDOWS\SYSTEM32\SCHTASKS.EXE
2018-03-30 21:12:15,\VOLUME{01d3c5cc91d8a333-aa920881}\WINDOWS\SYSTEM32\SCHTASKS.EXE
2018-03-30 02:15:55,\VOLUME{01d3c5cc91d8a333-aa920881}\WINDOWS\SYSTEM32\SCHTASKS.EXE
2018-03-30 02:15:55,\VOLUME{01d3c5cc91d8a333-aa920881}\WINDOWS\SYSTEM32\SCHTASKS.EXE
2018-03-27 09:45:18,\VOLUME{01d3c5cc91d8a333-aa920881}\WINDOWS\SYSTEM32\SCHTASKS.EXE
2018-03-27 09:45:17,\VOLUME{01d3c5cc91d8a333-aa920881}\WINDOWS\SYSTEM32\SCHTASKS.EXE
2018-04-06 12:35:19,\VOLUME{01d3c5cc91d8a333-aa920881}\WINDOWS\SYSTEM32\SEARCHFILTERHOST.EXE
2018-04-06 08:29:54,\VOLUME{01d3c5cc91d8a333-aa920881}\WINDOWS\SYSTEM32\SEARCHFILTERHOST.EXE
2018-04-06 07:42:24,\VOLUME{01d3c5cc91d8a333-aa920881}\WINDOWS\SYSTEM32\SEARCHFILTERHOST.EXE
2018-04-06 07:27:24,\VOLUME{01d3c5cc91d8a333-aa920881}\WINDOWS\SYSTEM32\SEARCHFILTERHOST.EXE
2018-04-06 07:21:28,\VOLUME{01d3c5cc91d8a333-aa920881}\WINDOWS\SYSTEM32\SEARCHFILTERHOST.EXE
2018-04-06 07:18:18,\VOLUME{01d3c5cc91d8a333-aa920881}\WINDOWS\SYSTEM32\SEARCHFILTERHOST.EXE
2018-04-06 07:15:17,\VOLUME{01d3c5cc91d8a333-aa920881}\WINDOWS\SYSTEM32\SEARCHFILTERHOST.EXE
2018-04-06 07:12:06,\VOLUME{01d3c5cc91d8a333-aa920881}\WINDOWS\SYSTEM32\SEARCHFILTERHOST.EXE
2018-04-06 12:35:18,\VOLUME{01d3c5cc91d8a333-aa920881}\WINDOWS\SYSTEM32\SEARCHPROTOCOLHOST.EXE
2018-04-06 08:29:54,\VOLUME{01d3c5cc91d8a333-aa920881}\WINDOWS\SYSTEM32\SEARCHPROTOCOLHOST.EXE
2018-04-06 07:42:24,\VOLUME{01d3c5cc91d8a333-aa920881}\WINDOWS\SYSTEM32\SEARCHPROTOCOLHOST.EXE
2018-04-06 07:27:24,\VOLUME{01d3c5cc91d8a333-aa920881}\WINDOWS\SYSTEM32\SEARCHPROTOCOLHOST.EXE
2018-04-06 07:21:28,\VOLUME{01d3c5cc91d8a333-aa920881}\WINDOWS\SYSTEM32\SEARCHPROTOCOLHOST.EXE
2018-04-06 07:18:18,\VOLUME{01d3c5cc91d8a333-aa920881}\WINDOWS\SYSTEM32\SEARCHPROTOCOLHOST.EXE
2018-04-06 07:15:17,\VOLUME{01d3c5cc91d8a333-aa920881}\WINDOWS\SYSTEM32\SEARCHPROTOCOLHOST.EXE
2018-04-06 07:12:06,\VOLUME{01d3c5cc91d8a333-aa920881}\WINDOWS\SYSTEM32\SEARCHPROTOCOLHOST.EXE
2018-03-28 00:44:24,\VOLUME{01d3c5cc91d8a333-aa920881}\WINDOWS\SYSTEMAPPS\MICROSOFT.WINDOWS.CORTANA_CW5N1H2TXYEWY\SEARCHUI.EXE
2018-03-27 09:56:49,\VOLUME{01d3c5cc91d8a333-aa920881}\WINDOWS\SYSTEMAPPS\MICROSOFT.WINDOWS.CORTANA_CW5N1H2TXYEWY\SEARCHUI.EXE
2018-04-06 12:26:29,\VOLUME{01d3c5cc91d8a333-aa920881}\PROGRAM FILES\NVIDIA CORPORATION\INSTALLER2\INSTALLERCORE\SETUP.EXE
2018-04-06 12:26:25,\VOLUME{01d3c5cc91d8a333-aa920881}\PROGRAM FILES\NVIDIA CORPORATION\INSTALLER2\INSTALLERCORE\SETUP.EXE
2018-04-06 12:26:22,\VOLUME{01d3c5cc91d8a333-aa920881}\PROGRAM FILES\NVIDIA CORPORATION\INSTALLER2\INSTALLERCORE\SETUP.EXE
2018-03-27 09:35:32,SETUP.X86.EN-US_O365PROPLUSRE
2018-03-27 09:35:29,SETUP.X86.EN-US_O365PROPLUSRE
2018-03-28 00:44:24,\VOLUME{01d3c5cc91d8a333-aa920881}\WINDOWS\SYSTEMAPPS\SHELLEXPERIENCEHOST_CW5N1H2TXYEWY\SHELLEXPERIENCEHOST.EXE
2018-03-28 00:43:25,\VOLUME{01d3c5cc91d8a333-aa920881}\WINDOWS\SYSTEMAPPS\SHELLEXPERIENCEHOST_CW5N1H2TXYEWY\SHELLEXPERIENCEHOST.EXE
2018-03-27 09:56:49,\VOLUME{01d3c5cc91d8a333-aa920881}\WINDOWS\SYSTEMAPPS\SHELLEXPERIENCEHOST_CW5N1H2TXYEWY\SHELLEXPERIENCEHOST.EXE
2018-04-06 12:40:36,\VOLUME{01d3c5cc91d8a333-aa920881}\WINDOWS\SYSTEM32\SMARTSCREEN.EXE
2018-04-06 12:27:04,\VOLUME{01d3c5cc91d8a333-aa920881}\WINDOWS\SYSTEM32\SMARTSCREEN.EXE
2018-04-06 08:25:02,\VOLUME{01d3c5cc91d8a333-aa920881}\WINDOWS\SYSTEM32\SMARTSCREEN.EXE
2018-04-05 08:16:52,\VOLUME{01d3c5cc91d8a333-aa920881}\WINDOWS\SYSTEM32\SMARTSCREEN.EXE
2018-04-05 07:02:25,\VOLUME{01d3c5cc91d8a333-aa920881}\WINDOWS\SYSTEM32\SMARTSCREEN.EXE
2018-04-05 06:06:37,\VOLUME{01d3c5cc91d8a333-aa920881}\WINDOWS\SYSTEM32\SMARTSCREEN.EXE
2018-04-05 02:32:31,\VOLUME{01d3c5cc91d8a333-aa920881}\WINDOWS\SYSTEM32\SMARTSCREEN.EXE
2018-04-05 02:23:51,\VOLUME{01d3c5cc91d8a333-aa920881}\WINDOWS\SYSTEM32\SMARTSCREEN.EXE
2018-04-05 01:48:59,\VOLUME{01d3c5cc91d8a333-aa920881}\USERS\JCLOUDY\APPDATA\LOCAL\TEMP\8696_25393\SOFTWARE_REPORTER_TOOL.EXE
2018-04-05 01:48:59,\VOLUME{01d3c5cc91d8a333-aa920881}\USERS\JCLOUDY\APPDATA\LOCAL\TEMP\8696_25393\SOFTWARE_REPORTER_TOOL.EXE
2018-04-05 01:48:59,\VOLUME{01d3c5cc91d8a333-aa920881}\USERS\JCLOUDY\APPDATA\LOCAL\TEMP\8696_25393\SOFTWARE_REPORTER_TOOL.EXE
2018-04-05 01:48:59,\VOLUME{01d3c5cc91d8a333-aa920881}\USERS\JCLOUDY\APPDATA\LOCAL\TEMP\8696_25393\SOFTWARE_REPORTER_TOOL.EXE
2018-04-06 12:46:39,\VOLUME{01d3c5cc91d8a333-aa920881}\WINDOWS\SYSTEM32\SPEECH_ONECORE\COMMON\SPEECHRUNTIME.EXE
2018-04-06 12:29:29,\VOLUME{01d3c5cc91d8a333-aa920881}\WINDOWS\SYSTEM32\SPPSVC.EXE
2018-04-06 12:26:32,\VOLUME{01d3c5cc91d8a333-aa920881}\WINDOWS\SYSTEM32\SPPSVC.EXE
2018-04-06 08:27:37,\VOLUME{01d3c5cc91d8a333-aa920881}\WINDOWS\SYSTEM32\SPPSVC.EXE
2018-04-06 07:23:10,\VOLUME{01d3c5cc91d8a333-aa920881}\WINDOWS\SYSTEM32\SPPSVC.EXE
2018-04-06 03:47:51,\VOLUME{01d3c5cc91d8a333-aa920881}\WINDOWS\SYSTEM32\SPPSVC.EXE
2018-04-05 08:17:49,\VOLUME{01d3c5cc91d8a333-aa920881}\WINDOWS\SYSTEM32\SPPSVC.EXE
2018-04-05 08:00:22,\VOLUME{01d3c5cc91d8a333-aa920881}\WINDOWS\SYSTEM32\SPPSVC.EXE
2018-04-05 07:54:23,\VOLUME{01d3c5cc91d8a333-aa920881}\WINDOWS\SYSTEM32\SPPSVC.EXE
2018-04-06 03:47:49,\VOLUME{01d3c5cc91d8a333-aa920881}\WINDOWS\SYSTEM32\SVCHOST.EXE
2018-04-05 04:16:50,\VOLUME{01d3c5cc91d8a333-aa920881}\WINDOWS\SYSTEM32\SVCHOST.EXE
2018-04-04 05:57:09,\VOLUME{01d3c5cc91d8a333-aa920881}\WINDOWS\SYSTEM32\SVCHOST.EXE
2018-04-01 05:41:55,\VOLUME{01d3c5cc91d8a333-aa920881}\WINDOWS\SYSTEM32\SVCHOST.EXE
2018-03-31 04:14:14,\VOLUME{01d3c5cc91d8a333-aa920881}\WINDOWS\SYSTEM32\SVCHOST.EXE
2018-03-30 00:09:35,\VOLUME{01d3c5cc91d8a333-aa920881}\WINDOWS\SYSTEM32\SVCHOST.EXE
2018-03-29 00:24:26,\VOLUME{01d3c5cc91d8a333-aa920881}\WINDOWS\SYSTEM32\SVCHOST.EXE
2018-03-27 09:39:39,\VOLUME{01d3c5cc91d8a333-aa920881}\WINDOWS\SYSTEM32\SVCHOST.EXE
2018-04-06 06:17:33,\VOLUME{01d3c5cc91d8a333-aa920881}\WINDOWS\SYSTEM32\SVCHOST.EXE
2018-04-05 05:13:24,\VOLUME{01d3c5cc91d8a333-aa920881}\WINDOWS\SYSTEM32\SVCHOST.EXE
2018-04-04 05:40:10,\VOLUME{01d3c5cc91d8a333-aa920881}\WINDOWS\SYSTEM32\SVCHOST.EXE
2018-03-27 23:31:40,\VOLUME{01d3c5cc91d8a333-aa920881}\WINDOWS\SYSTEM32\SVCHOST.EXE
2018-04-06 08:25:25,\VOLUME{01d3c5cc91d8a333-aa920881}\WINDOWS\SYSTEM32\SVCHOST.EXE
2018-04-06 07:23:14,\VOLUME{01d3c5cc91d8a333-aa920881}\WINDOWS\SYSTEM32\SVCHOST.EXE
2018-04-06 03:33:44,\VOLUME{01d3c5cc91d8a333-aa920881}\WINDOWS\SYSTEM32\SVCHOST.EXE
2018-04-05 07:54:25,\VOLUME{01d3c5cc91d8a333-aa920881}\WINDOWS\SYSTEM32\SVCHOST.EXE
2018-04-05 07:02:27,\VOLUME{01d3c5cc91d8a333-aa920881}\WINDOWS\SYSTEM32\SVCHOST.EXE
2018-04-05 05:42:34,\VOLUME{01d3c5cc91d8a333-aa920881}\WINDOWS\SYSTEM32\SVCHOST.EXE
2018-04-05 02:32:31,\VOLUME{01d3c5cc91d8a333-aa920881}\WINDOWS\SYSTEM32\SVCHOST.EXE
2018-04-05 01:49:00,\VOLUME{01d3c5cc91d8a333-aa920881}\WINDOWS\SYSTEM32\SVCHOST.EXE
2018-04-06 12:46:32,\VOLUME{01d3c5cc91d8a333-aa920881}\WINDOWS\SYSTEM32\SVCHOST.EXE
2018-04-06 08:34:55,\VOLUME{01d3c5cc91d8a333-aa920881}\WINDOWS\SYSTEM32\SVCHOST.EXE
2018-04-06 08:24:38,\VOLUME{01d3c5cc91d8a333-aa920881}\WINDOWS\SYSTEM32\SVCHOST.EXE
2018-04-06 07:34:30,\VOLUME{01d3c5cc91d8a333-aa920881}\WINDOWS\SYSTEM32\SVCHOST.EXE
2018-04-06 07:20:21,\VOLUME{01d3c5cc91d8a333-aa920881}\WINDOWS\SYSTEM32\SVCHOST.EXE
2018-04-06 06:44:48,\VOLUME{01d3c5cc91d8a333-aa920881}\WINDOWS\SYSTEM32\SVCHOST.EXE
2018-04-06 06:18:44,\VOLUME{01d3c5cc91d8a333-aa920881}\WINDOWS\SYSTEM32\SVCHOST.EXE
2018-04-06 06:14:34,\VOLUME{01d3c5cc91d8a333-aa920881}\WINDOWS\SYSTEM32\SVCHOST.EXE
2018-04-05 08:42:25,\VOLUME{01d3c5cc91d8a333-aa920881}\WINDOWS\SYSTEM32\SVCHOST.EXE
2018-04-04 06:32:02,\VOLUME{01d3c5cc91d8a333-aa920881}\WINDOWS\SYSTEM32\SVCHOST.EXE
2018-04-04 05:45:48,\VOLUME{01d3c5cc91d8a333-aa920881}\WINDOWS\SYSTEM32\SVCHOST.EXE
2018-03-31 18:01:51,\VOLUME{01d3c5cc91d8a333-aa920881}\WINDOWS\SYSTEM32\SVCHOST.EXE
2018-03-29 15:59:28,\VOLUME{01d3c5cc91d8a333-aa920881}\WINDOWS\SYSTEM32\SVCHOST.EXE
2018-03-28 13:45:48,\VOLUME{01d3c5cc91d8a333-aa920881}\WINDOWS\SYSTEM32\SVCHOST.EXE
2018-03-27 09:33:22,\VOLUME{01d3c5cc91d8a333-aa920881}\WINDOWS\SYSTEM32\SVCHOST.EXE
2018-03-27 09:22:22,\VOLUME{01d3c5cc91d8a333-aa920881}\WINDOWS\SYSTEM32\SVCHOST.EXE
2018-04-06 03:34:14,\VOLUME{01d3c5cc91d8a333-aa920881}\WINDOWS\SYSTEM32\SVCHOST.EXE
2018-04-05 01:53:06,\VOLUME{01d3c5cc91d8a333-aa920881}\WINDOWS\SYSTEM32\SVCHOST.EXE
2018-04-02 01:44:13,\VOLUME{01d3c5cc91d8a333-aa920881}\WINDOWS\SYSTEM32\SVCHOST.EXE
2018-03-29 04:49:47,\VOLUME{01d3c5cc91d8a333-aa920881}\WINDOWS\SYSTEM32\SVCHOST.EXE
2018-03-28 00:14:44,\VOLUME{01d3c5cc91d8a333-aa920881}\WINDOWS\SYSTEM32\SVCHOST.EXE
2018-03-28 00:05:31,\VOLUME{01d3c5cc91d8a333-aa920881}\WINDOWS\SYSTEM32\SVCHOST.EXE
2018-03-27 09:54:58,\VOLUME{01d3c5cc91d8a333-aa920881}\WINDOWS\SYSTEM32\SVCHOST.EXE
2018-03-27 09:50:07,\VOLUME{01d3c5cc91d8a333-aa920881}\WINDOWS\SYSTEM32\SVCHOST.EXE
2018-04-03 06:01:04,\VOLUME{01d3c5cc91d8a333-aa920881}\WINDOWS\SYSTEM32\SVCHOST.EXE
2018-04-02 01:31:25,\VOLUME{01d3c5cc91d8a333-aa920881}\WINDOWS\SYSTEM32\SVCHOST.EXE
2018-04-01 22:46:06,\VOLUME{01d3c5cc91d8a333-aa920881}\WINDOWS\SYSTEM32\SVCHOST.EXE
2018-04-01 05:42:13,\VOLUME{01d3c5cc91d8a333-aa920881}\WINDOWS\SYSTEM32\SVCHOST.EXE
2018-04-06 12:35:08,\VOLUME{01d3c5cc91d8a333-aa920881}\WINDOWS\SYSTEM32\SVCHOST.EXE
2018-04-06 12:35:08,\VOLUME{01d3c5cc91d8a333-aa920881}\WINDOWS\SYSTEM32\SVCHOST.EXE
2018-04-06 12:46:39,\VOLUME{01d3c5cc91d8a333-aa920881}\WINDOWS\SYSTEM32\SVCHOST.EXE
2018-04-06 12:26:14,\VOLUME{01d3c5cc91d8a333-aa920881}\WINDOWS\SYSTEM32\SVCHOST.EXE
2018-04-06 08:24:47,\VOLUME{01d3c5cc91d8a333-aa920881}\WINDOWS\SYSTEM32\SVCHOST.EXE
2018-04-06 07:24:28,\VOLUME{01d3c5cc91d8a333-aa920881}\WINDOWS\SYSTEM32\SVCHOST.EXE
2018-04-06 06:56:22,\VOLUME{01d3c5cc91d8a333-aa920881}\WINDOWS\SYSTEM32\SVCHOST.EXE
2018-04-06 06:14:34,\VOLUME{01d3c5cc91d8a333-aa920881}\WINDOWS\SYSTEM32\SVCHOST.EXE
2018-04-06 04:12:59,\VOLUME{01d3c5cc91d8a333-aa920881}\WINDOWS\SYSTEM32\SVCHOST.EXE
2018-04-05 12:08:51,\VOLUME{01d3c5cc91d8a333-aa920881}\WINDOWS\SYSTEM32\SVCHOST.EXE
2018-04-05 08:16:52,\VOLUME{01d3c5cc91d8a333-aa920881}\WINDOWS\SYSTEM32\SVCHOST.EXE
2018-04-06 08:27:36,\VOLUME{01d3c5cc91d8a333-aa920881}\WINDOWS\SYSTEM32\SVCHOST.EXE
2018-04-06 04:12:55,\VOLUME{01d3c5cc91d8a333-aa920881}\WINDOWS\SYSTEM32\SVCHOST.EXE
2018-04-05 08:00:20,\VOLUME{01d3c5cc91d8a333-aa920881}\WINDOWS\SYSTEM32\SVCHOST.EXE
2018-04-04 18:52:11,\VOLUME{01d3c5cc91d8a333-aa920881}\WINDOWS\SYSTEM32\SVCHOST.EXE
2018-04-04 08:47:28,\VOLUME{01d3c5cc91d8a333-aa920881}\WINDOWS\SYSTEM32\SVCHOST.EXE
2018-04-04 05:39:59,\VOLUME{01d3c5cc91d8a333-aa920881}\WINDOWS\SYSTEM32\SVCHOST.EXE
2018-04-04 04:33:29,\VOLUME{01d3c5cc91d8a333-aa920881}\WINDOWS\SYSTEM32\SVCHOST.EXE
2018-04-03 06:50:44,\VOLUME{01d3c5cc91d8a333-aa920881}\WINDOWS\SYSTEM32\SVCHOST.EXE
2018-04-06 12:46:32,\VOLUME{01d3c5cc91d8a333-aa920881}\WINDOWS\SYSTEM32\SVCHOST.EXE
2018-04-06 08:34:56,\VOLUME{01d3c5cc91d8a333-aa920881}\WINDOWS\SYSTEM32\SVCHOST.EXE
2018-04-06 08:24:38,\VOLUME{01d3c5cc91d8a333-aa920881}\WINDOWS\SYSTEM32\SVCHOST.EXE
2018-04-06 07:34:30,\VOLUME{01d3c5cc91d8a333-aa920881}\WINDOWS\SYSTEM32\SVCHOST.EXE
2018-04-06 07:20:21,\VOLUME{01d3c5cc91d8a333-aa920881}\WINDOWS\SYSTEM32\SVCHOST.EXE
2018-04-06 06:56:22,\VOLUME{01d3c5cc91d8a333-aa920881}\WINDOWS\SYSTEM32\SVCHOST.EXE
2018-04-06 06:14:35,\VOLUME{01d3c5cc91d8a333-aa920881}\WINDOWS\SYSTEM32\SVCHOST.EXE
2018-04-06 04:12:55,\VOLUME{01d3c5cc91d8a333-aa920881}\WINDOWS\SYSTEM32\SVCHOST.EXE
2018-04-06 08:24:51,\VOLUME{01d3c5cc91d8a333-aa920881}\WINDOWS\SYSTEM32\SVCHOST.EXE
2018-04-06 07:24:27,\VOLUME{01d3c5cc91d8a333-aa920881}\WINDOWS\SYSTEM32\SVCHOST.EXE
2018-04-06 07:11:48,\VOLUME{01d3c5cc91d8a333-aa920881}\WINDOWS\SYSTEM32\SVCHOST.EXE
2018-04-06 03:33:37,\VOLUME{01d3c5cc91d8a333-aa920881}\WINDOWS\SYSTEM32\SVCHOST.EXE
2018-04-05 08:42:25,\VOLUME{01d3c5cc91d8a333-aa920881}\WINDOWS\SYSTEM32\SVCHOST.EXE
2018-04-05 08:33:04,\VOLUME{01d3c5cc91d8a333-aa920881}\WINDOWS\SYSTEM32\SVCHOST.EXE
2018-04-05 02:45:20,\VOLUME{01d3c5cc91d8a333-aa920881}\WINDOWS\SYSTEM32\SVCHOST.EXE
2018-04-05 01:51:25,\VOLUME{01d3c5cc91d8a333-aa920881}\WINDOWS\SYSTEM32\SVCHOST.EXE
2018-04-05 01:51:21,\VOLUME{01d3c5cc91d8a333-aa920881}\WINDOWS\SYSTEM32\SVCHOST.EXE
2018-04-04 16:46:01,\VOLUME{01d3c5cc91d8a333-aa920881}\WINDOWS\SYSTEM32\SVCHOST.EXE
2018-04-04 11:40:19,\VOLUME{01d3c5cc91d8a333-aa920881}\WINDOWS\SYSTEM32\SVCHOST.EXE
2018-04-04 09:08:01,\VOLUME{01d3c5cc91d8a333-aa920881}\WINDOWS\SYSTEM32\SVCHOST.EXE
2018-04-04 04:33:27,\VOLUME{01d3c5cc91d8a333-aa920881}\WINDOWS\SYSTEM32\SVCHOST.EXE
2018-04-03 06:00:52,\VOLUME{01d3c5cc91d8a333-aa920881}\WINDOWS\SYSTEM32\SVCHOST.EXE
2018-04-03 05:58:03,\VOLUME{01d3c5cc91d8a333-aa920881}\WINDOWS\SYSTEM32\SVCHOST.EXE
2018-04-01 22:45:59,\VOLUME{01d3c5cc91d8a333-aa920881}\WINDOWS\SYSTEM32\SVCHOST.EXE
2018-04-06 08:24:50,\VOLUME{01d3c5cc91d8a333-aa920881}\WINDOWS\SYSTEM32\SVCHOST.EXE
2018-04-06 12:35:08,\VOLUME{01d3c5cc91d8a333-aa920881}\WINDOWS\SYSTEM32\SVCHOST.EXE
2018-04-06 12:26:15,\VOLUME{01d3c5cc91d8a333-aa920881}\WINDOWS\SYSTEM32\SVCHOST.EXE
2018-04-04 06:32:08,\VOLUME{01d3c5cc91d8a333-aa920881}\WINDOWS\SYSTEM32\SVCHOST.EXE
2018-03-27 10:45:33,\VOLUME{01d3c5cc91d8a333-aa920881}\WINDOWS\SYSTEM32\SVCHOST.EXE
2018-03-27 09:45:41,\VOLUME{01d3c5cc91d8a333-aa920881}\WINDOWS\SYSTEM32\SVCHOST.EXE
2018-04-06 12:35:52,\VOLUME{01d3c5cc91d8a333-aa920881}\WINDOWS\SYSTEM32\SVCHOST.EXE
2018-04-06 12:29:32,\VOLUME{01d3c5cc91d8a333-aa920881}\WINDOWS\SYSTEM32\SVCHOST.EXE
2018-04-06 07:23:10,\VOLUME{01d3c5cc91d8a333-aa920881}\WINDOWS\SYSTEM32\SVCHOST.EXE
2018-04-06 07:11:18,\VOLUME{01d3c5cc91d8a333-aa920881}\WINDOWS\SYSTEM32\SVCHOST.EXE
2018-04-06 03:40:12,\VOLUME{01d3c5cc91d8a333-aa920881}\WINDOWS\SYSTEM32\SVCHOST.EXE
2018-04-06 03:33:37,\VOLUME{01d3c5cc91d8a333-aa920881}\WINDOWS\SYSTEM32\SVCHOST.EXE
2018-04-05 08:42:30,\VOLUME{01d3c5cc91d8a333-aa920881}\WINDOWS\SYSTEM32\SVCHOST.EXE
2018-04-05 08:17:49,\VOLUME{01d3c5cc91d8a333-aa920881}\WINDOWS\SYSTEM32\SVCHOST.EXE
2018-04-06 08:29:08,\VOLUME{01d3c5cc91d8a333-aa920881}\WINDOWS\SYSTEM32\SVCHOST.EXE
2018-04-06 08:26:06,\VOLUME{01d3c5cc91d8a333-aa920881}\WINDOWS\SYSTEM32\SVCHOST.EXE
2018-04-06 07:24:28,\VOLUME{01d3c5cc91d8a333-aa920881}\WINDOWS\SYSTEM32\SVCHOST.EXE
2018-04-06 03:34:01,\VOLUME{01d3c5cc91d8a333-aa920881}\WINDOWS\SYSTEM32\SVCHOST.EXE
2018-04-05 08:33:05,\VOLUME{01d3c5cc91d8a333-aa920881}\WINDOWS\SYSTEM32\SVCHOST.EXE
2018-04-05 02:45:20,\VOLUME{01d3c5cc91d8a333-aa920881}\WINDOWS\SYSTEM32\SVCHOST.EXE
2018-04-05 01:51:50,\VOLUME{01d3c5cc91d8a333-aa920881}\WINDOWS\SYSTEM32\SVCHOST.EXE
2018-04-04 04:33:45,\VOLUME{01d3c5cc91d8a333-aa920881}\WINDOWS\SYSTEM32\SVCHOST.EXE
2018-04-06 12:46:32,\VOLUME{01d3c5cc91d8a333-aa920881}\WINDOWS\SYSTEM32\SVCHOST.EXE
2018-04-06 08:34:56,\VOLUME{01d3c5cc91d8a333-aa920881}\WINDOWS\SYSTEM32\SVCHOST.EXE
2018-04-06 08:24:38,\VOLUME{01d3c5cc91d8a333-aa920881}\WINDOWS\SYSTEM32\SVCHOST.EXE
2018-04-06 07:34:30,\VOLUME{01d3c5cc91d8a333-aa920881}\WINDOWS\SYSTEM32\SVCHOST.EXE
2018-04-06 07:20:21,\VOLUME{01d3c5cc91d8a333-aa920881}\WINDOWS\SYSTEM32\SVCHOST.EXE
2018-04-06 06:56:22,\VOLUME{01d3c5cc91d8a333-aa920881}\WINDOWS\SYSTEM32\SVCHOST.EXE
2018-04-06 06:14:35,\VOLUME{01d3c5cc91d8a333-aa920881}\WINDOWS\SYSTEM32\SVCHOST.EXE
2018-04-06 04:12:55,\VOLUME{01d3c5cc91d8a333-aa920881}\WINDOWS\SYSTEM32\SVCHOST.EXE
2018-04-06 08:24:38,\VOLUME{01d3c5cc91d8a333-aa920881}\WINDOWS\SYSTEM32\SVCHOST.EXE
2018-04-06 07:20:21,\VOLUME{01d3c5cc91d8a333-aa920881}\WINDOWS\SYSTEM32\SVCHOST.EXE
2018-04-06 06:56:21,\VOLUME{01d3c5cc91d8a333-aa920881}\WINDOWS\SYSTEM32\SVCHOST.EXE
2018-04-06 06:14:37,\VOLUME{01d3c5cc91d8a333-aa920881}\WINDOWS\SYSTEM32\SVCHOST.EXE
2018-04-06 04:13:16,\VOLUME{01d3c5cc91d8a333-aa920881}\WINDOWS\SYSTEM32\SVCHOST.EXE
2018-04-06 03:30:49,\VOLUME{01d3c5cc91d8a333-aa920881}\WINDOWS\SYSTEM32\SVCHOST.EXE
2018-04-05 08:11:52,\VOLUME{01d3c5cc91d8a333-aa920881}\WINDOWS\SYSTEM32\SVCHOST.EXE
2018-04-05 07:06:11,\VOLUME{01d3c5cc91d8a333-aa920881}\WINDOWS\SYSTEM32\SVCHOST.EXE
2018-04-06 12:40:38,\VOLUME{01d3c5cc91d8a333-aa920881}\WINDOWS\SYSTEM32\SVCHOST.EXE
2018-04-06 12:26:32,\VOLUME{01d3c5cc91d8a333-aa920881}\WINDOWS\SYSTEM32\SVCHOST.EXE
2018-04-06 07:23:13,\VOLUME{01d3c5cc91d8a333-aa920881}\WINDOWS\SYSTEM32\SVCHOST.EXE
2018-04-06 03:47:50,\VOLUME{01d3c5cc91d8a333-aa920881}\WINDOWS\SYSTEM32\SVCHOST.EXE
2018-04-06 03:33:37,\VOLUME{01d3c5cc91d8a333-aa920881}\WINDOWS\SYSTEM32\SVCHOST.EXE
2018-04-05 08:16:53,\VOLUME{01d3c5cc91d8a333-aa920881}\WINDOWS\SYSTEM32\SVCHOST.EXE
2018-04-05 04:16:53,\VOLUME{01d3c5cc91d8a333-aa920881}\WINDOWS\SYSTEM32\SVCHOST.EXE
2018-04-05 01:51:22,\VOLUME{01d3c5cc91d8a333-aa920881}\WINDOWS\SYSTEM32\SVCHOST.EXE
2018-04-06 12:46:38,\VOLUME{01d3c5cc91d8a333-aa920881}\WINDOWS\IMMERSIVECONTROLPANEL\SYSTEMSETTINGS.EXE
2018-03-28 01:30:18,\VOLUME{01d3c5cc91d8a333-aa920881}\WINDOWS\IMMERSIVECONTROLPANEL\SYSTEMSETTINGS.EXE
2018-03-28 00:22:56,\VOLUME{01d3c5cc91d8a333-aa920881}\WINDOWS\IMMERSIVECONTROLPANEL\SYSTEMSETTINGS.EXE
2018-03-27 23:39:13,\VOLUME{01d3c5cc91d8a333-aa920881}\WINDOWS\IMMERSIVECONTROLPANEL\SYSTEMSETTINGS.EXE
2018-03-27 10:48:56,\VOLUME{01d3c5cc91d8a333-aa920881}\WINDOWS\IMMERSIVECONTROLPANEL\SYSTEMSETTINGS.EXE
2018-03-27 09:40:08,\VOLUME{01d3c5cc91d8a333-aa920881}\WINDOWS\IMMERSIVECONTROLPANEL\SYSTEMSETTINGS.EXE
2018-03-27 09:32:58,\VOLUME{01d3c5cc91d8a333-aa920881}\WINDOWS\IMMERSIVECONTROLPANEL\SYSTEMSETTINGS.EXE
2018-03-27 09:30:01,\VOLUME{01d3c5cc91d8a333-aa920881}\WINDOWS\IMMERSIVECONTROLPANEL\SYSTEMSETTINGS.EXE
2018-04-06 12:47:01,\VOLUME{01d3c5cc91d8a333-aa920881}\WINDOWS\SYSTEM32\TASKHOSTW.EXE
2018-04-06 12:29:13,\VOLUME{01d3c5cc91d8a333-aa920881}\WINDOWS\SYSTEM32\TASKHOSTW.EXE
2018-04-06 12:26:14,\VOLUME{01d3c5cc91d8a333-aa920881}\WINDOWS\SYSTEM32\TASKHOSTW.EXE
2018-04-06 08:34:55,\VOLUME{01d3c5cc91d8a333-aa920881}\WINDOWS\SYSTEM32\TASKHOSTW.EXE
2018-04-06 08:24:46,\VOLUME{01d3c5cc91d8a333-aa920881}\WINDOWS\SYSTEM32\TASKHOSTW.EXE
2018-04-06 07:50:46,\VOLUME{01d3c5cc91d8a333-aa920881}\WINDOWS\SYSTEM32\TASKHOSTW.EXE
2018-04-06 06:56:30,\VOLUME{01d3c5cc91d8a333-aa920881}\WINDOWS\SYSTEM32\TASKHOSTW.EXE
2018-04-06 06:45:00,\VOLUME{01d3c5cc91d8a333-aa920881}\WINDOWS\SYSTEM32\TASKHOSTW.EXE
2018-03-28 00:48:37,\VOLUME{01d3c5cc91d8a333-aa920881}\WINDOWS\SYSTEM32\TASKMGR.EXE
2018-04-06 12:26:33,\VOLUME{01d3c5cc91d8a333-aa920881}\WINDOWS\WINSXS\AMD64_MICROSOFT-WINDOWS-SERVICINGSTACK_31BF3856AD364E35_10.0.16299.251_NONE_16DD4C82321E5CCC\TIWORKER.EXE
2018-04-06 07:23:16,\VOLUME{01d3c5cc91d8a333-aa920881}\WINDOWS\WINSXS\AMD64_MICROSOFT-WINDOWS-SERVICINGSTACK_31BF3856AD364E35_10.0.16299.251_NONE_16DD4C82321E5CCC\TIWORKER.EXE
2018-04-06 03:47:52,\VOLUME{01d3c5cc91d8a333-aa920881}\WINDOWS\WINSXS\AMD64_MICROSOFT-WINDOWS-SERVICINGSTACK_31BF3856AD364E35_10.0.16299.251_NONE_16DD4C82321E5CCC\TIWORKER.EXE
2018-04-05 04:16:54,\VOLUME{01d3c5cc91d8a333-aa920881}\WINDOWS\WINSXS\AMD64_MICROSOFT-WINDOWS-SERVICINGSTACK_31BF3856AD364E35_10.0.16299.251_NONE_16DD4C82321E5CCC\TIWORKER.EXE
2018-04-04 06:32:23,\VOLUME{01d3c5cc91d8a333-aa920881}\WINDOWS\WINSXS\AMD64_MICROSOFT-WINDOWS-SERVICINGSTACK_31BF3856AD364E35_10.0.16299.251_NONE_16DD4C82321E5CCC\TIWORKER.EXE
2018-04-04 04:33:29,\VOLUME{01d3c5cc91d8a333-aa920881}\WINDOWS\WINSXS\AMD64_MICROSOFT-WINDOWS-SERVICINGSTACK_31BF3856AD364E35_10.0.16299.251_NONE_16DD4C82321E5CCC\TIWORKER.EXE
2018-04-03 06:01:03,\VOLUME{01d3c5cc91d8a333-aa920881}\WINDOWS\WINSXS\AMD64_MICROSOFT-WINDOWS-SERVICINGSTACK_31BF3856AD364E35_10.0.16299.251_NONE_16DD4C82321E5CCC\TIWORKER.EXE
2018-04-01 05:41:58,\VOLUME{01d3c5cc91d8a333-aa920881}\WINDOWS\WINSXS\AMD64_MICROSOFT-WINDOWS-SERVICINGSTACK_31BF3856AD364E35_10.0.16299.251_NONE_16DD4C82321E5CCC\TIWORKER.EXE
2018-04-06 12:26:33,\VOLUME{01d3c5cc91d8a333-aa920881}\WINDOWS\SERVICING\TRUSTEDINSTALLER.EXE
2018-04-06 07:23:16,\VOLUME{01d3c5cc91d8a333-aa920881}\WINDOWS\SERVICING\TRUSTEDINSTALLER.EXE
2018-04-06 04:12:56,\VOLUME{01d3c5cc91d8a333-aa920881}\WINDOWS\SERVICING\TRUSTEDINSTALLER.EXE
2018-04-06 03:47:52,\VOLUME{01d3c5cc91d8a333-aa920881}\WINDOWS\SERVICING\TRUSTEDINSTALLER.EXE
2018-04-05 04:16:54,\VOLUME{01d3c5cc91d8a333-aa920881}\WINDOWS\SERVICING\TRUSTEDINSTALLER.EXE
2018-04-04 07:56:48,\VOLUME{01d3c5cc91d8a333-aa920881}\WINDOWS\SERVICING\TRUSTEDINSTALLER.EXE
2018-04-04 06:32:23,\VOLUME{01d3c5cc91d8a333-aa920881}\WINDOWS\SERVICING\TRUSTEDINSTALLER.EXE
2018-04-04 05:40:01,\VOLUME{01d3c5cc91d8a333-aa920881}\WINDOWS\SERVICING\TRUSTEDINSTALLER.EXE
2018-04-05 08:42:25,\VOLUME{01d3c5cc91d8a333-aa920881}\WINDOWS\SYSTEM32\VSSVC.EXE
2018-04-04 06:32:02,\VOLUME{01d3c5cc91d8a333-aa920881}\WINDOWS\SYSTEM32\VSSVC.EXE
2018-04-04 05:45:48,\VOLUME{01d3c5cc91d8a333-aa920881}\WINDOWS\SYSTEM32\VSSVC.EXE
2018-03-31 18:01:51,\VOLUME{01d3c5cc91d8a333-aa920881}\WINDOWS\SYSTEM32\VSSVC.EXE
2018-03-29 15:59:28,\VOLUME{01d3c5cc91d8a333-aa920881}\WINDOWS\SYSTEM32\VSSVC.EXE
2018-03-28 13:45:48,\VOLUME{01d3c5cc91d8a333-aa920881}\WINDOWS\SYSTEM32\VSSVC.EXE
2018-03-27 09:36:39,\VOLUME{01d3c5cc91d8a333-aa920881}\WINDOWS\SYSTEM32\VSSVC.EXE
2018-03-27 09:33:22,\VOLUME{01d3c5cc91d8a333-aa920881}\WINDOWS\SYSTEM32\VSSVC.EXE
2018-04-02 01:44:13,\VOLUME{01d3c5cc91d8a333-aa920881}\WINDOWS\SYSWOW64\WERFAULT.EXE
2018-04-02 01:44:13,\VOLUME{01d3c5cc91d8a333-aa920881}\WINDOWS\SYSWOW64\WERFAULT.EXE
2018-03-28 00:14:44,\VOLUME{01d3c5cc91d8a333-aa920881}\WINDOWS\SYSWOW64\WERFAULT.EXE
2018-03-28 00:14:44,\VOLUME{01d3c5cc91d8a333-aa920881}\WINDOWS\SYSWOW64\WERFAULT.EXE
2018-03-28 00:05:37,\VOLUME{01d3c5cc91d8a333-aa920881}\WINDOWS\SYSWOW64\WERFAULT.EXE
2018-03-28 00:05:37,\VOLUME{01d3c5cc91d8a333-aa920881}\WINDOWS\SYSWOW64\WERFAULT.EXE
2018-04-06 03:34:18,\VOLUME{01d3c5cc91d8a333-aa920881}\WINDOWS\SYSTEM32\WERMGR.EXE
2018-04-05 01:53:10,\VOLUME{01d3c5cc91d8a333-aa920881}\WINDOWS\SYSTEM32\WERMGR.EXE
2018-03-27 09:54:58,\VOLUME{01d3c5cc91d8a333-aa920881}\WINDOWS\SYSTEM32\WERMGR.EXE
2018-03-27 09:52:03,\VOLUME{01d3c5cc91d8a333-aa920881}\WINDOWS\SYSTEM32\WERMGR.EXE
2018-04-06 06:14:34,\VOLUME{01d3c5cc91d8a333-aa920881}\WINDOWS\SYSTEM32\WIFITASK.EXE
2018-04-05 05:58:01,\VOLUME{01d3c5cc91d8a333-aa920881}\WINDOWS\SYSTEM32\WIFITASK.EXE
2018-04-05 04:30:37,\VOLUME{01d3c5cc91d8a333-aa920881}\WINDOWS\SYSTEM32\WIFITASK.EXE
2018-04-04 16:30:36,\VOLUME{01d3c5cc91d8a333-aa920881}\WINDOWS\SYSTEM32\WIFITASK.EXE
2018-04-04 05:58:01,\VOLUME{01d3c5cc91d8a333-aa920881}\WINDOWS\SYSTEM32\WIFITASK.EXE
2018-04-04 04:30:36,\VOLUME{01d3c5cc91d8a333-aa920881}\WINDOWS\SYSTEM32\WIFITASK.EXE
2018-04-03 05:58:00,\VOLUME{01d3c5cc91d8a333-aa920881}\WINDOWS\SYSTEM32\WIFITASK.EXE
2018-04-01 22:43:05,\VOLUME{01d3c5cc91d8a333-aa920881}\WINDOWS\SYSTEM32\WIFITASK.EXE
2018-04-04 06:29:27,\VOLUME{01d3c5cc91d8a333-aa920881}\WINDOWS\SYSTEM32\WINSAT.EXE
2018-03-28 13:56:01,\VOLUME{01d3c5cc91d8a333-aa920881}\WINDOWS\SYSTEM32\WINSAT.EXE
2018-04-05 02:18:38,\VOLUME{01d3c5cc91d8a333-aa920881}\PROGRAM FILES\WINDOWSAPPS\MICROSOFT.WINDOWSSTORE_11802.1001.11.0_X64__8WEKYB3D8BBWE\WINSTORE.APP.EXE
2018-03-28 00:22:46,\VOLUME{01d3c5cc91d8a333-aa920881}\PROGRAM FILES\WINDOWSAPPS\MICROSOFT.WINDOWSSTORE_11802.1001.11.0_X64__8WEKYB3D8BBWE\WINSTORE.APP.EXE
2018-03-28 00:15:49,\VOLUME{01d3c5cc91d8a333-aa920881}\PROGRAM FILES\WINDOWSAPPS\MICROSOFT.WINDOWSSTORE_11802.1001.11.0_X64__8WEKYB3D8BBWE\WINSTORE.APP.EXE
2018-03-27 09:52:44,\VOLUME{01d3c5cc91d8a333-aa920881}\PROGRAM FILES\WINDOWSAPPS\MICROSOFT.WINDOWSSTORE_11706.1002.9.0_X64__8WEKYB3D8BBWE\WINSTORE.APP.EXE
2018-03-27 09:52:01,\VOLUME{01d3c5cc91d8a333-aa920881}\PROGRAM FILES\WINDOWSAPPS\MICROSOFT.WINDOWSSTORE_11706.1002.9.0_X64__8WEKYB3D8BBWE\WINSTORE.APP.EXE
2018-04-06 04:13:16,\VOLUME{01d3c5cc91d8a333-aa920881}\PROGRAM FILES\WINDOWSAPPS\MICROSOFT.WINDOWSSTORE_11803.1001.6.0_X64__8WEKYB3D8BBWE\WINSTORE.APP.EXE
2018-04-05 07:02:25,\VOLUME{01d3c5cc91d8a333-aa920881}\PROGRAM FILES (X86)\MICROSOFT OFFICE\ROOT\OFFICE16\WINWORD.EXE
2018-04-05 02:32:31,\VOLUME{01d3c5cc91d8a333-aa920881}\PROGRAM FILES (X86)\MICROSOFT OFFICE\ROOT\OFFICE16\WINWORD.EXE
2018-03-30 02:15:47,\VOLUME{01d3c5cc91d8a333-aa920881}\PROGRAM FILES (X86)\MICROSOFT OFFICE\ROOT\OFFICE16\WINWORD.EXE
2018-04-06 12:35:14,\VOLUME{01d3c5cc91d8a333-aa920881}\WINDOWS\SYSWOW64\WBEM\WMIPRVSE.EXE
2018-04-06 12:47:48,\VOLUME{01d3c5cc91d8a333-aa920881}\WINDOWS\SYSTEM32\WBEM\WMIPRVSE.EXE
2018-04-06 12:35:08,\VOLUME{01d3c5cc91d8a333-aa920881}\WINDOWS\SYSTEM32\WBEM\WMIPRVSE.EXE
2018-04-06 12:29:13,\VOLUME{01d3c5cc91d8a333-aa920881}\WINDOWS\SYSTEM32\WBEM\WMIPRVSE.EXE
2018-04-06 08:27:37,\VOLUME{01d3c5cc91d8a333-aa920881}\WINDOWS\SYSTEM32\WBEM\WMIPRVSE.EXE
2018-04-06 08:24:38,\VOLUME{01d3c5cc91d8a333-aa920881}\WINDOWS\SYSTEM32\WBEM\WMIPRVSE.EXE
2018-04-06 07:23:11,\VOLUME{01d3c5cc91d8a333-aa920881}\WINDOWS\SYSTEM32\WBEM\WMIPRVSE.EXE
2018-04-06 07:20:21,\VOLUME{01d3c5cc91d8a333-aa920881}\WINDOWS\SYSTEM32\WBEM\WMIPRVSE.EXE
2018-04-06 06:56:21,\VOLUME{01d3c5cc91d8a333-aa920881}\WINDOWS\SYSTEM32\WBEM\WMIPRVSE.EXE
2018-04-06 03:47:57,\VOLUME{01d3c5cc91d8a333-aa920881}\WINDOWS\SYSTEM32\WUAUCLT.EXE
2018-04-05 04:17:14,\VOLUME{01d3c5cc91d8a333-aa920881}\WINDOWS\SYSTEM32\WUAUCLT.EXE
2018-04-04 05:57:26,\VOLUME{01d3c5cc91d8a333-aa920881}\WINDOWS\SYSTEM32\WUAUCLT.EXE
2018-04-03 06:01:25,\VOLUME{01d3c5cc91d8a333-aa920881}\WINDOWS\SYSTEM32\WUAUCLT.EXE
2018-04-02 01:31:27,\VOLUME{01d3c5cc91d8a333-aa920881}\WINDOWS\SYSTEM32\WUAUCLT.EXE
2018-04-01 05:42:15,\VOLUME{01d3c5cc91d8a333-aa920881}\WINDOWS\SYSTEM32\WUAUCLT.EXE
2018-03-31 04:14:38,\VOLUME{01d3c5cc91d8a333-aa920881}\WINDOWS\SYSTEM32\WUAUCLT.EXE
2018-03-29 23:39:29,\VOLUME{01d3c5cc91d8a333-aa920881}\WINDOWS\SYSTEM32\WUAUCLT.EXE
2018-03-27 12:13:30,\VOLUME{01d3c5cc91d8a333-aa920881}\WINDOWS\SYSTEM32\WWAHOST.EXE
