ControlSet,CacheEntryPosition,Path,LastModifiedTimeUTC,Executed,Duplicate,SourceFile
1,0,C:\Windows\system32\MusNotificationUX.exe,2018-03-01 05:53:41,NA,False,M:\Forensics\Lone Wolf 2018\KAPE\tout\D\Windows\System32\config\SYSTEM
1,1,C:\Users\jcloudy\AppData\Local\Microsoft\OneDrive\18.025.0204.0009\FileCoAuth.exe,2018-03-27 09:22:00,NA,False,M:\Forensics\Lone Wolf 2018\KAPE\tout\D\Windows\System32\config\SYSTEM
1,2,C:\Windows\system32\defrag.exe,2017-09-29 13:41:44,NA,False,M:\Forensics\Lone Wolf 2018\KAPE\tout\D\Windows\System32\config\SYSTEM
1,3,C:\Windows\Microsoft.NET\Framework64\v4.0.30319\NGenTask.exe,2017-09-29 13:43:06,NA,False,M:\Forensics\Lone Wolf 2018\KAPE\tout\D\Windows\System32\config\SYSTEM
1,4,C:\Windows\Microsoft.NET\Framework\v4.0.30319\NGenTask.exe,2017-09-29 13:43:16,NA,False,M:\Forensics\Lone Wolf 2018\KAPE\tout\D\Windows\System32\config\SYSTEM
1,5,00000009	07e2466530840000	000a00003fab0000	8664	Microsoft.Windows.Photos	8wekyb3d8bbwe	,,NA,False,M:\Forensics\Lone Wolf 2018\KAPE\tout\D\Windows\System32\config\SYSTEM
1,6,C:\Program Files\WindowsApps\Microsoft.Windows.Photos_2018.18021.12420.0_x64__8wekyb3d8bbwe\Application,2018-03-27 10:49:08,NA,False,M:\Forensics\Lone Wolf 2018\KAPE\tout\D\Windows\System32\config\SYSTEM
1,7,00000009	07e2466530840000	000a000042680000	8664	Microsoft.Windows.Photos	8wekyb3d8bbwe	,,NA,False,M:\Forensics\Lone Wolf 2018\KAPE\tout\D\Windows\System32\config\SYSTEM
1,8,C:\Program Files\WindowsApps\Microsoft.XboxApp_39.39.21002.0_x64__8wekyb3d8bbwe\Application,2018-03-27 10:47:39,NA,False,M:\Forensics\Lone Wolf 2018\KAPE\tout\D\Windows\System32\config\SYSTEM
1,9,00000009	00270027520a0000	000a00003ad70000	8664	Microsoft.XboxApp	8wekyb3d8bbwe	,,NA,False,M:\Forensics\Lone Wolf 2018\KAPE\tout\D\Windows\System32\config\SYSTEM
1,10,C:\Program Files\WindowsApps\Microsoft.WindowsStore_11802.1001.11.0_x64__8wekyb3d8bbwe\Application,2018-03-27 09:54:54,NA,False,M:\Forensics\Lone Wolf 2018\KAPE\tout\D\Windows\System32\config\SYSTEM
1,11,C:\Program Files\WindowsApps\Microsoft.SkypeApp_12.1811.248.0_x64__kzf8qxf38zg5c\Application,2018-03-27 10:47:25,NA,False,M:\Forensics\Lone Wolf 2018\KAPE\tout\D\Windows\System32\config\SYSTEM
1,12,00000009	000c071300f80000	000a00003fab0000	8664	Microsoft.SkypeApp	kzf8qxf38zg5c	,,NA,False,M:\Forensics\Lone Wolf 2018\KAPE\tout\D\Windows\System32\config\SYSTEM
1,13,00000009	07e1045d000a0000	000a00003ad70000	8664	Microsoft.WindowsCamera	8wekyb3d8bbwe	,,NA,False,M:\Forensics\Lone Wolf 2018\KAPE\tout\D\Windows\System32\config\SYSTEM
1,14,C:\Program Files\WindowsApps\Microsoft.WindowsAlarms_10.1803.614.0_x64__8wekyb3d8bbwe\Application,2018-03-27 10:47:18,NA,False,M:\Forensics\Lone Wolf 2018\KAPE\tout\D\Windows\System32\config\SYSTEM
1,15,00000009	000a070b02660000	000a00003fab0000	8664	Microsoft.WindowsAlarms	8wekyb3d8bbwe	,,NA,False,M:\Forensics\Lone Wolf 2018\KAPE\tout\D\Windows\System32\config\SYSTEM
1,16,00000009	001123a650510000	000a00003f3e0000	8664	Microsoft.Office.OneNote	8wekyb3d8bbwe	,,NA,False,M:\Forensics\Lone Wolf 2018\KAPE\tout\D\Windows\System32\config\SYSTEM
1,17,00000009	000a070b02650000	000a00003f810000	8664	Microsoft.WindowsSoundRecorder	8wekyb3d8bbwe	,,NA,False,M:\Forensics\Lone Wolf 2018\KAPE\tout\D\Windows\System32\config\SYSTEM
1,18,00000009	000a070b02c70000	000a00003fab0000	8664	Microsoft.WindowsCalculator	8wekyb3d8bbwe	,,NA,False,M:\Forensics\Lone Wolf 2018\KAPE\tout\D\Windows\System32\config\SYSTEM
1,19,00000009	000c002732cb0000	000a00003f730000	8664	Microsoft.XboxIdentityProvider	8wekyb3d8bbwe	,,NA,False,M:\Forensics\Lone Wolf 2018\KAPE\tout\D\Windows\System32\config\SYSTEM
1,20,00000009	0004070b3e9b0000	000a000042b70000	8664	Microsoft.MSPaint	8wekyb3d8bbwe	,,NA,False,M:\Forensics\Lone Wolf 2018\KAPE\tout\D\Windows\System32\config\SYSTEM
1,21,00000009	0002000029730000	000a00003f8d0000	8664	Microsoft.Print3D	8wekyb3d8bbwe	,,NA,False,M:\Forensics\Lone Wolf 2018\KAPE\tout\D\Windows\System32\config\SYSTEM
1,22,00000009	0002000100110000	000a000042af0000	8664	Microsoft.MicrosoftStickyNotes	8wekyb3d8bbwe	,,NA,False,M:\Forensics\Lone Wolf 2018\KAPE\tout\D\Windows\System32\config\SYSTEM
1,23,00000009	00010000325e0000	000a00003fa60000	8664	Microsoft.DesktopAppInstaller	8wekyb3d8bbwe	,,NA,False,M:\Forensics\Lone Wolf 2018\KAPE\tout\D\Windows\System32\config\SYSTEM
1,24,C:\Program Files\WindowsApps\microsoft.windowscommunicationsapps_17.9029.22105.0_x64__8wekyb3d8bbwe\Application,2018-03-27 09:55:16,NA,False,M:\Forensics\Lone Wolf 2018\KAPE\tout\D\Windows\System32\config\SYSTEM
1,25,C:\Program Files\NVIDIA Corporation\Installer2\InstallerCore\SETUP.EXE,2017-03-14 14:15:54,NA,False,M:\Forensics\Lone Wolf 2018\KAPE\tout\D\Windows\System32\config\SYSTEM
1,26,C:\Windows\System32\wsqmcons.exe,2017-09-29 13:42:01,NA,False,M:\Forensics\Lone Wolf 2018\KAPE\tout\D\Windows\System32\config\SYSTEM
1,27,C:\Windows\system32\usoclient.exe,2018-03-01 05:53:30,NA,False,M:\Forensics\Lone Wolf 2018\KAPE\tout\D\Windows\System32\config\SYSTEM
1,28,C:\Windows\SystemApps\Microsoft.LockApp_cw5n1h2txyewy\Application,2018-03-27 12:12:01,NA,False,M:\Forensics\Lone Wolf 2018\KAPE\tout\D\Windows\System32\config\SYSTEM
1,29,0000000b	03e83fab00fb0000	000a000038390000	8664	InputApp	cw5n1h2txyewy	neutral,,NA,False,M:\Forensics\Lone Wolf 2018\KAPE\tout\D\Windows\System32\config\SYSTEM
1,30,0000000b	000a00003fab0135	000a00003f480000	8664	Microsoft.Windows.SecHealthUI	cw5n1h2txyewy	,,NA,False,M:\Forensics\Lone Wolf 2018\KAPE\tout\D\Windows\System32\config\SYSTEM
1,31,0000000b	00293fab00f80000	000c000000000000	8664	Microsoft.MicrosoftEdge	8wekyb3d8bbwe	,,NA,False,M:\Forensics\Lone Wolf 2018\KAPE\tout\D\Windows\System32\config\SYSTEM
1,32,C:\Windows\system32\attrib.exe,2017-09-29 13:41:33,NA,False,M:\Forensics\Lone Wolf 2018\KAPE\tout\D\Windows\System32\config\SYSTEM
1,33,C:\Windows\system32\GfxUIEx.exe,2015-07-31 02:45:32,NA,False,M:\Forensics\Lone Wolf 2018\KAPE\tout\D\Windows\System32\config\SYSTEM
1,34,C:\Windows\system32\igfxEM.exe,2015-07-31 02:45:32,NA,False,M:\Forensics\Lone Wolf 2018\KAPE\tout\D\Windows\System32\config\SYSTEM
1,35,C:\Windows\system32\igfxHK.exe,2015-07-31 02:45:32,NA,False,M:\Forensics\Lone Wolf 2018\KAPE\tout\D\Windows\System32\config\SYSTEM
1,36,C:\Windows\system32\igfxTray.exe,2015-07-31 02:45:32,NA,False,M:\Forensics\Lone Wolf 2018\KAPE\tout\D\Windows\System32\config\SYSTEM
1,37,C:\Windows\system32\igfxext.exe,2015-07-31 02:45:32,NA,False,M:\Forensics\Lone Wolf 2018\KAPE\tout\D\Windows\System32\config\SYSTEM
1,38,C:\Windows\system32\igfxCPL.cpl,2015-07-31 02:45:32,NA,False,M:\Forensics\Lone Wolf 2018\KAPE\tout\D\Windows\System32\config\SYSTEM
1,39,C:\Program Files (x86)\Microsoft Office\root\Office16\msoia.exe,2018-03-27 09:44:08,NA,False,M:\Forensics\Lone Wolf 2018\KAPE\tout\D\Windows\System32\config\SYSTEM
1,40,C:\Windows\Microsoft.NET\Framework\v4.0.30319\mscorsvw.exe,2017-09-29 13:43:16,NA,False,M:\Forensics\Lone Wolf 2018\KAPE\tout\D\Windows\System32\config\SYSTEM
1,41,C:\Windows\Microsoft.NET\Framework64\v4.0.30319\mscorsvw.exe,2017-09-29 13:43:06,NA,False,M:\Forensics\Lone Wolf 2018\KAPE\tout\D\Windows\System32\config\SYSTEM
1,42,C:\Windows\SysWow64\IntelCpHeciSvc.exe,2015-07-31 02:45:34,NA,False,M:\Forensics\Lone Wolf 2018\KAPE\tout\D\Windows\System32\config\SYSTEM
1,43,C:\Program Files\DellTPad\HidMonitorSvc.exe,2015-06-25 08:56:02,NA,False,M:\Forensics\Lone Wolf 2018\KAPE\tout\D\Windows\System32\config\SYSTEM
1,44,C:\Windows\system32\igfxCUIService.exe,2015-07-31 02:45:32,NA,False,M:\Forensics\Lone Wolf 2018\KAPE\tout\D\Windows\System32\config\SYSTEM
1,45,00000009	000106b002640000	000a00003fab0000	8664	Microsoft.WindowsFeedbackHub	8wekyb3d8bbwe	,,NA,False,M:\Forensics\Lone Wolf 2018\KAPE\tout\D\Windows\System32\config\SYSTEM
1,46,00000009	000300122f3b0000	000a000028000000	8664	Microsoft.MicrosoftSolitaireCollection	8wekyb3d8bbwe	,,NA,False,M:\Forensics\Lone Wolf 2018\KAPE\tout\D\Windows\System32\config\SYSTEM
1,47,C:\Windows\system32\WerFault.exe,2017-09-29 13:41:44,NA,False,M:\Forensics\Lone Wolf 2018\KAPE\tout\D\Windows\System32\config\SYSTEM
1,48,00000009	0011234556590000	000a00003f3e0000	8664	microsoft.windowscommunicationsapps	8wekyb3d8bbwe	,,NA,False,M:\Forensics\Lone Wolf 2018\KAPE\tout\D\Windows\System32\config\SYSTEM
1,49,00000009	2e1a03e9000b0000	000a00003fab0000	8664	Microsoft.WindowsStore	8wekyb3d8bbwe	,,NA,False,M:\Forensics\Lone Wolf 2018\KAPE\tout\D\Windows\System32\config\SYSTEM
1,50,00000009	000e000063520000	000a0000273a0000	8664	Microsoft.VCLibs.140.00.UWPDesktop	8wekyb3d8bbwe	,,NA,False,M:\Forensics\Lone Wolf 2018\KAPE\tout\D\Windows\System32\config\SYSTEM
1,51,00000000	000e000063520000	000a0000273a0000	8664	Microsoft.VCLibs.140.00.UWPDesktop	8wekyb3d8bbwe	,,NA,False,M:\Forensics\Lone Wolf 2018\KAPE\tout\D\Windows\System32\config\SYSTEM
1,52,00000009	0003070a659c0000	000a00003ad70000	8664	Microsoft.Microsoft3DViewer	8wekyb3d8bbwe	,,NA,False,M:\Forensics\Lone Wolf 2018\KAPE\tout\D\Windows\System32\config\SYSTEM
1,53,C:\Windows\System32\PickerHost.exe,2017-09-29 13:41:26,NA,False,M:\Forensics\Lone Wolf 2018\KAPE\tout\D\Windows\System32\config\SYSTEM
1,54,00000009	000a00030d900000	000a00003fab0000	8664	Microsoft.People	8wekyb3d8bbwe	,,NA,False,M:\Forensics\Lone Wolf 2018\KAPE\tout\D\Windows\System32\config\SYSTEM
1,55,C:\Program Files\WindowsApps\microsoft.microsoftskydrive_17.28.4.0_x64__8wekyb3d8bbwe\Application,2018-03-27 09:54:08,NA,False,M:\Forensics\Lone Wolf 2018\KAPE\tout\D\Windows\System32\config\SYSTEM
1,56,00000009	0011001c00040000	000a00003ad70000	8664	microsoft.microsoftskydrive	8wekyb3d8bbwe	,,NA,False,M:\Forensics\Lone Wolf 2018\KAPE\tout\D\Windows\System32\config\SYSTEM
1,57,00000000	000a000042d80000	000a000028000000	8664	Microsoft.Services.Store.Engagement	8wekyb3d8bbwe	,,NA,False,M:\Forensics\Lone Wolf 2018\KAPE\tout\D\Windows\System32\config\SYSTEM
1,58,00000009	000a000042d80000	000a000028000000	8664	Microsoft.Services.Store.Engagement	8wekyb3d8bbwe	,,NA,False,M:\Forensics\Lone Wolf 2018\KAPE\tout\D\Windows\System32\config\SYSTEM
1,59,00000009	000a06aa296a0000	000a00003fab0000	8664	Microsoft.GetHelp	8wekyb3d8bbwe	,,NA,False,M:\Forensics\Lone Wolf 2018\KAPE\tout\D\Windows\System32\config\SYSTEM
1,60,00000009	000600070d860000	000a00003fab0000	8664	Microsoft.Getstarted	8wekyb3d8bbwe	,,NA,False,M:\Forensics\Lone Wolf 2018\KAPE\tout\D\Windows\System32\config\SYSTEM
1,61,00000009	000a465b34630000	000a0000428b0000	8664	Microsoft.ZuneMusic	8wekyb3d8bbwe	,,NA,False,M:\Forensics\Lone Wolf 2018\KAPE\tout\D\Windows\System32\config\SYSTEM
1,62,C:\Program Files\WindowsApps\Microsoft.Messaging_3.37.23004.0_x64__8wekyb3d8bbwe\Application,2018-03-27 09:53:04,NA,False,M:\Forensics\Lone Wolf 2018\KAPE\tout\D\Windows\System32\config\SYSTEM
1,63,00000009	000306ae0be40000	000a00003f440000	8664	Microsoft.OneConnect	8wekyb3d8bbwe	,,NA,False,M:\Forensics\Lone Wolf 2018\KAPE\tout\D\Windows\System32\config\SYSTEM
1,64,00000009	000a42e23f530000	000a0000428b0000	8664	Microsoft.ZuneVideo	8wekyb3d8bbwe	,,NA,False,M:\Forensics\Lone Wolf 2018\KAPE\tout\D\Windows\System32\config\SYSTEM
1,65,C:\Program Files\WindowsApps\Microsoft.MicrosoftOfficeHub_17.8830.7600.0_x64__8wekyb3d8bbwe\Application,2018-03-27 09:53:11,NA,False,M:\Forensics\Lone Wolf 2018\KAPE\tout\D\Windows\System32\config\SYSTEM
1,66,00000009	0011227e1db00000	000a000037b10000	8664	Microsoft.MicrosoftOfficeHub	8wekyb3d8bbwe	,,NA,False,M:\Forensics\Lone Wolf 2018\KAPE\tout\D\Windows\System32\config\SYSTEM
1,67,00000009	0003002559dc0000	000a00003ad70000	8664	Microsoft.Messaging	8wekyb3d8bbwe	,,NA,False,M:\Forensics\Lone Wolf 2018\KAPE\tout\D\Windows\System32\config\SYSTEM
1,68,C:\Windows\System32\wuapihost.exe,2017-09-29 13:41:30,NA,False,M:\Forensics\Lone Wolf 2018\KAPE\tout\D\Windows\System32\config\SYSTEM
1,69,00000009	000506af28ed0000	000a00003fac0000	8664	Microsoft.WindowsMaps	8wekyb3d8bbwe	,,NA,False,M:\Forensics\Lone Wolf 2018\KAPE\tout\D\Windows\System32\config\SYSTEM
1,70,00000009	000a070a00010000	000a000028000000	8664	Microsoft.Advertising.Xaml	8wekyb3d8bbwe	,,NA,False,M:\Forensics\Lone Wolf 2018\KAPE\tout\D\Windows\System32\config\SYSTEM
1,71,00000000	000a070a00010000	000a000028000000	8664	Microsoft.Advertising.Xaml	8wekyb3d8bbwe	,,NA,False,M:\Forensics\Lone Wolf 2018\KAPE\tout\D\Windows\System32\config\SYSTEM
1,72,00000009	000400160cb60000	000a00003fab0000	8664	Microsoft.BingWeather	8wekyb3d8bbwe	,,NA,False,M:\Forensics\Lone Wolf 2018\KAPE\tout\D\Windows\System32\config\SYSTEM
1,73,C:\Program Files\WindowsApps\Microsoft.Wallet_2.2.18047.0_x64__8wekyb3d8bbwe\Application,2018-03-27 09:52:00,NA,False,M:\Forensics\Lone Wolf 2018\KAPE\tout\D\Windows\System32\config\SYSTEM
1,74,00000009	0001000763bb0000	000a000027410000	8664	Microsoft.NET.Native.Framework.1.7	8wekyb3d8bbwe	,,NA,False,M:\Forensics\Lone Wolf 2018\KAPE\tout\D\Windows\System32\config\SYSTEM
1,75,00000000	0001000763bb0000	000a000027410000	8664	Microsoft.NET.Native.Framework.1.7	8wekyb3d8bbwe	,,NA,False,M:\Forensics\Lone Wolf 2018\KAPE\tout\D\Windows\System32\config\SYSTEM
1,76,00000000	0001000763bb0000	000a000027410000	8664	Microsoft.NET.Native.Runtime.1.7	8wekyb3d8bbwe	,,NA,False,M:\Forensics\Lone Wolf 2018\KAPE\tout\D\Windows\System32\config\SYSTEM
1,77,00000009	0001000763bb0000	000a000027410000	8664	Microsoft.NET.Native.Runtime.1.7	8wekyb3d8bbwe	,,NA,False,M:\Forensics\Lone Wolf 2018\KAPE\tout\D\Windows\System32\config\SYSTEM
1,78,C:\Program Files\WindowsApps\Microsoft.XboxGameOverlay_1.24.5001.0_x64__8wekyb3d8bbwe\Application,2018-03-27 09:51:54,NA,False,M:\Forensics\Lone Wolf 2018\KAPE\tout\D\Windows\System32\config\SYSTEM
1,79,00000000	000e000063520000	000a0000273a0000	8664	Microsoft.VCLibs.140.00	8wekyb3d8bbwe	,,NA,False,M:\Forensics\Lone Wolf 2018\KAPE\tout\D\Windows\System32\config\SYSTEM
1,80,00000009	000e000063520000	000a0000273a0000	8664	Microsoft.VCLibs.140.00	8wekyb3d8bbwe	,,NA,False,M:\Forensics\Lone Wolf 2018\KAPE\tout\D\Windows\System32\config\SYSTEM
1,81,00000009	00020002467f0000	000a00003fab0000	8664	Microsoft.Wallet	8wekyb3d8bbwe	,,NA,False,M:\Forensics\Lone Wolf 2018\KAPE\tout\D\Windows\System32\config\SYSTEM
1,82,00000009	0001000b71490000	000a00003f730000	8664	Microsoft.Xbox.TCUI	8wekyb3d8bbwe	,,NA,False,M:\Forensics\Lone Wolf 2018\KAPE\tout\D\Windows\System32\config\SYSTEM
1,83,00000009	0001001813890000	000a00003f520000	8664	Microsoft.XboxGameOverlay	8wekyb3d8bbwe	,,NA,False,M:\Forensics\Lone Wolf 2018\KAPE\tout\D\Windows\System32\config\SYSTEM
1,84,C:\Windows\system32\OpenWith.exe,2017-09-29 13:42:00,NA,False,M:\Forensics\Lone Wolf 2018\KAPE\tout\D\Windows\System32\config\SYSTEM
1,85,C:\Program Files\WindowsApps\Microsoft.Office.OneNote_17.8366.57611.0_x64__8wekyb3d8bbwe\Application,2018-03-27 12:12:21,NA,False,M:\Forensics\Lone Wolf 2018\KAPE\tout\D\Windows\System32\config\SYSTEM
1,86,C:\Windows\SysWOW64\wermgr.exe,2017-09-29 13:42:14,NA,False,M:\Forensics\Lone Wolf 2018\KAPE\tout\D\Windows\System32\config\SYSTEM
1,87,C:\Program Files (x86)\Microsoft Office\root\integration\OneDriveSetup.exe,2018-03-27 09:41:13,NA,False,M:\Forensics\Lone Wolf 2018\KAPE\tout\D\Windows\System32\config\SYSTEM
1,88,C:\Windows\Microsoft.NET\Framework64\v4.0.30319\ngen.exe,2017-09-29 13:43:09,NA,False,M:\Forensics\Lone Wolf 2018\KAPE\tout\D\Windows\System32\config\SYSTEM
1,89,C:\Windows\Microsoft.NET\Framework\v4.0.30319\ngen.exe,2017-09-29 13:43:17,NA,False,M:\Forensics\Lone Wolf 2018\KAPE\tout\D\Windows\System32\config\SYSTEM
1,90,C:\Program Files (x86)\Common Files\Microsoft Shared\Source Engine\OSE.EXE,2018-03-03 12:03:10,NA,False,M:\Forensics\Lone Wolf 2018\KAPE\tout\D\Windows\System32\config\SYSTEM
1,91,C:\Windows\SysWOW64\wevtutil.exe,2017-09-29 13:42:11,NA,False,M:\Forensics\Lone Wolf 2018\KAPE\tout\D\Windows\System32\config\SYSTEM
1,92,C:\Windows\System32\wevtutil.exe,2017-09-29 13:41:33,NA,False,M:\Forensics\Lone Wolf 2018\KAPE\tout\D\Windows\System32\config\SYSTEM
1,93,C:\Program Files (x86)\Microsoft Office\root\Office16\SETLANG.EXE,2018-03-27 09:37:35,NA,False,M:\Forensics\Lone Wolf 2018\KAPE\tout\D\Windows\System32\config\SYSTEM
1,94,C:\Program Files (x86)\Microsoft Office\root\Office16\OcPubMgr.exe,2018-03-27 09:39:37,NA,False,M:\Forensics\Lone Wolf 2018\KAPE\tout\D\Windows\System32\config\SYSTEM
1,95,C:\Program Files (x86)\Microsoft Office\root\Office16\msotd.exe,2018-03-27 09:38:05,NA,False,M:\Forensics\Lone Wolf 2018\KAPE\tout\D\Windows\System32\config\SYSTEM
1,96,C:\Program Files (x86)\Microsoft Office\root\Client\AppVLP.exe,2018-03-27 09:37:15,NA,False,M:\Forensics\Lone Wolf 2018\KAPE\tout\D\Windows\System32\config\SYSTEM
1,97,C:\Program Files (x86)\Microsoft Office\root\Office16\msoev.exe,2018-03-27 09:38:05,NA,False,M:\Forensics\Lone Wolf 2018\KAPE\tout\D\Windows\System32\config\SYSTEM
1,98,C:\Program Files (x86)\Microsoft Office\root\Office16\MSACCESS.EXE,2018-03-27 09:37:10,NA,False,M:\Forensics\Lone Wolf 2018\KAPE\tout\D\Windows\System32\config\SYSTEM
1,99,C:\Program Files (x86)\Microsoft Office\root\Office16\lync.exe,2018-03-27 09:36:57,NA,False,M:\Forensics\Lone Wolf 2018\KAPE\tout\D\Windows\System32\config\SYSTEM
1,100,C:\Program Files (x86)\Microsoft Office\root\Office16\EXCEL.EXE,2018-03-27 09:36:15,NA,False,M:\Forensics\Lone Wolf 2018\KAPE\tout\D\Windows\System32\config\SYSTEM
1,101,C:\Program Files (x86)\Microsoft Office\root\Office16\officebackgroundtaskhandler.exe,2018-03-27 09:40:42,NA,False,M:\Forensics\Lone Wolf 2018\KAPE\tout\D\Windows\System32\config\SYSTEM
1,102,C:\Windows\SysWOW64\schtasks.exe,2017-09-29 13:42:25,NA,False,M:\Forensics\Lone Wolf 2018\KAPE\tout\D\Windows\System32\config\SYSTEM
1,103,C:\Program Files (x86)\Microsoft Office\root\Office16\WINWORD.EXE,2018-03-27 09:36:17,NA,False,M:\Forensics\Lone Wolf 2018\KAPE\tout\D\Windows\System32\config\SYSTEM
1,104,C:\Program Files (x86)\Microsoft Office\root\Office16\POWERPNT.EXE,2018-03-27 09:36:35,NA,False,M:\Forensics\Lone Wolf 2018\KAPE\tout\D\Windows\System32\config\SYSTEM
1,105,C:\Program Files (x86)\Microsoft Office\root\Office16\MSPUB.EXE,2018-03-27 09:36:06,NA,False,M:\Forensics\Lone Wolf 2018\KAPE\tout\D\Windows\System32\config\SYSTEM
1,106,C:\Program Files (x86)\Microsoft Office\root\Office16\OUTLOOK.EXE,2018-03-27 09:38:27,NA,False,M:\Forensics\Lone Wolf 2018\KAPE\tout\D\Windows\System32\config\SYSTEM
1,107,C:\Program Files\Common Files\Microsoft Shared\ClickToRun\AppVShNotify.exe,2018-03-03 02:57:02,NA,False,M:\Forensics\Lone Wolf 2018\KAPE\tout\D\Windows\System32\config\SYSTEM
1,108,C:\Program Files (x86)\Microsoft Office\root\Office16\ONENOTE.EXE,2018-03-27 09:36:50,NA,False,M:\Forensics\Lone Wolf 2018\KAPE\tout\D\Windows\System32\config\SYSTEM
1,109,C:\Program Files (x86)\Microsoft Office\root\Office16\perfboost.exe,2018-03-27 09:36:09,NA,False,M:\Forensics\Lone Wolf 2018\KAPE\tout\D\Windows\System32\config\SYSTEM
1,110,C:\Windows\syswow64\MsiExec.exe,2017-09-29 13:42:18,NA,False,M:\Forensics\Lone Wolf 2018\KAPE\tout\D\Windows\System32\config\SYSTEM
1,111,C:\Program Files (x86)\Microsoft Office\root\integration\integrator.exe,2018-03-27 09:37:27,NA,False,M:\Forensics\Lone Wolf 2018\KAPE\tout\D\Windows\System32\config\SYSTEM
1,112,C:\Windows\system32\schtasks.exe,2017-09-29 13:42:25,NA,False,M:\Forensics\Lone Wolf 2018\KAPE\tout\D\Windows\System32\config\SYSTEM
1,113,C:\ProgramData\Microsoft\Windows Defender\platform\4.12.17007.18022-0\NisSrv.exe,2018-03-27 09:40:12,NA,False,M:\Forensics\Lone Wolf 2018\KAPE\tout\D\Windows\System32\config\SYSTEM
1,114,C:\ProgramData\Microsoft\Windows Defender\platform\4.12.17007.18022-0\MpCmdRun.exe,2018-03-27 09:40:12,NA,False,M:\Forensics\Lone Wolf 2018\KAPE\tout\D\Windows\System32\config\SYSTEM
1,115,C:\ProgramData\Microsoft\Windows Defender\platform\4.12.17007.18022-0\MsMpEng.exe,2018-03-27 09:40:12,NA,False,M:\Forensics\Lone Wolf 2018\KAPE\tout\D\Windows\System32\config\SYSTEM
1,116,C:\Windows\TEMP\{605A2280-1237-4AB3-9B33-3673E9E66D88}\MpSigStub.exe,2018-03-27 09:40:12,NA,False,M:\Forensics\Lone Wolf 2018\KAPE\tout\D\Windows\System32\config\SYSTEM
1,117,C:\Windows\SoftwareDistribution\Download\Install\UpdatePlatform.exe,2018-03-27 09:40:11,NA,False,M:\Forensics\Lone Wolf 2018\KAPE\tout\D\Windows\System32\config\SYSTEM
1,118,C:\Windows\SoftwareDistribution\Download\Install\NIS_Delta_Patch.exe,2018-03-27 09:27:54,NA,False,M:\Forensics\Lone Wolf 2018\KAPE\tout\D\Windows\System32\config\SYSTEM
1,119,C:\Windows\SoftwareDistribution\Download\Install\NIS_Base.exe,2018-03-27 09:27:53,NA,False,M:\Forensics\Lone Wolf 2018\KAPE\tout\D\Windows\System32\config\SYSTEM
1,120,C:\Windows\SoftwareDistribution\Download\Install\NIS_Engine.exe,2018-03-27 09:27:51,NA,False,M:\Forensics\Lone Wolf 2018\KAPE\tout\D\Windows\System32\config\SYSTEM
1,121,C:\Windows\SoftwareDistribution\Download\Install\AM_Delta.exe,2018-03-27 09:28:01,NA,False,M:\Forensics\Lone Wolf 2018\KAPE\tout\D\Windows\System32\config\SYSTEM
1,122,C:\Windows\SoftwareDistribution\Download\Install\AM_Base.exe,2018-03-27 09:28:35,NA,False,M:\Forensics\Lone Wolf 2018\KAPE\tout\D\Windows\System32\config\SYSTEM
1,123,C:\Windows\system32\MpSigStub.exe,2018-03-27 09:27:33,NA,False,M:\Forensics\Lone Wolf 2018\KAPE\tout\D\Windows\System32\config\SYSTEM
1,124,C:\Windows\SoftwareDistribution\Download\Install\AM_Engine.exe,2018-03-27 09:27:58,NA,False,M:\Forensics\Lone Wolf 2018\KAPE\tout\D\Windows\System32\config\SYSTEM
1,125,C:\Windows\SoftwareDistribution\Download\Install\MpSigStub.exe,2018-03-27 09:27:33,NA,False,M:\Forensics\Lone Wolf 2018\KAPE\tout\D\Windows\System32\config\SYSTEM
1,126,C:\Windows\system32\wbem\WmiApSrv.exe,2017-09-29 13:42:04,NA,False,M:\Forensics\Lone Wolf 2018\KAPE\tout\D\Windows\System32\config\SYSTEM
1,127,C:\Windows\system32\MRT-KB890830.exe,2018-03-27 09:38:12,NA,False,M:\Forensics\Lone Wolf 2018\KAPE\tout\D\Windows\System32\config\SYSTEM
1,128,C:\Windows\SoftwareDistribution\Download\Install\Windows-KB890830-x64-V5.58.exe,2018-03-27 09:28:05,NA,False,M:\Forensics\Lone Wolf 2018\KAPE\tout\D\Windows\System32\config\SYSTEM
1,129,C:\Windows\system32\AppHostRegistrationVerifier.exe,2017-09-29 13:41:25,NA,False,M:\Forensics\Lone Wolf 2018\KAPE\tout\D\Windows\System32\config\SYSTEM
1,130,C:\Windows\winsxs\amd64_microsoft-windows-servicingstack_31bf3856ad364e35_10.0.16299.251_none_16dd4c82321e5ccc\TiWorker.exe,2018-02-22 00:29:24,NA,False,M:\Forensics\Lone Wolf 2018\KAPE\tout\D\Windows\System32\config\SYSTEM
1,131,C:\Windows\system32\RDSPnf.exe,2017-09-29 13:42:03,NA,False,M:\Forensics\Lone Wolf 2018\KAPE\tout\D\Windows\System32\config\SYSTEM
1,132,C:\Program Files\WindowsApps\Microsoft.BingWeather_4.21.2492.0_x64__8wekyb3d8bbwe\Application,2018-03-27 12:12:09,NA,False,M:\Forensics\Lone Wolf 2018\KAPE\tout\D\Windows\System32\config\SYSTEM
1,133,C:\Program Files\WindowsApps\Microsoft.Messaging_3.32.15001.0_x64__8wekyb3d8bbwe\Application,2018-03-27 12:12:12,NA,False,M:\Forensics\Lone Wolf 2018\KAPE\tout\D\Windows\System32\config\SYSTEM
1,134,C:\Program Files\WindowsApps\Microsoft.Wallet_1.0.16328.0_x64__8wekyb3d8bbwe\Application,2018-03-27 12:12:27,NA,False,M:\Forensics\Lone Wolf 2018\KAPE\tout\D\Windows\System32\config\SYSTEM
1,135,C:\Program Files\WindowsApps\Microsoft.WindowsMaps_5.1706.2261.0_x64__8wekyb3d8bbwe\Application,2018-03-27 12:12:40,NA,False,M:\Forensics\Lone Wolf 2018\KAPE\tout\D\Windows\System32\config\SYSTEM
1,136,C:\Program Files\WindowsApps\Microsoft.XboxApp_31.32.16002.0_x64__8wekyb3d8bbwe\Application,2018-03-27 12:12:43,NA,False,M:\Forensics\Lone Wolf 2018\KAPE\tout\D\Windows\System32\config\SYSTEM
1,137,C:\Program Files\WindowsApps\Microsoft.XboxGameOverlay_1.20.25002.0_x64__8wekyb3d8bbwe\Application,2018-03-27 12:12:44,NA,False,M:\Forensics\Lone Wolf 2018\KAPE\tout\D\Windows\System32\config\SYSTEM
1,138,C:\Program Files\WindowsApps\Microsoft.SkypeApp_11.18.596.0_x64__kzf8qxf38zg5c\Application,2018-03-27 12:12:26,NA,False,M:\Forensics\Lone Wolf 2018\KAPE\tout\D\Windows\System32\config\SYSTEM
1,139,C:\Program Files\WindowsApps\Microsoft.WindowsAlarms_10.1706.2401.0_x64__8wekyb3d8bbwe\Application,2018-03-27 12:12:30,NA,False,M:\Forensics\Lone Wolf 2018\KAPE\tout\D\Windows\System32\config\SYSTEM
1,140,0000000b	0006000200000000	000a000000000000	8664	Windows.PrintDialog	cw5n1h2txyewy	neutral,,NA,False,M:\Forensics\Lone Wolf 2018\KAPE\tout\D\Windows\System32\config\SYSTEM
1,141,0000000b	000a000000000000	000a000000000000	8664	Microsoft.Windows.SecondaryTileExperience	cw5n1h2txyewy	,,NA,False,M:\Forensics\Lone Wolf 2018\KAPE\tout\D\Windows\System32\config\SYSTEM
1,142,0000000b	03e83fab000f0000	000a000000000000	8664	Microsoft.Windows.PinningConfirmationDialog	cw5n1h2txyewy	,,NA,False,M:\Forensics\Lone Wolf 2018\KAPE\tout\D\Windows\System32\config\SYSTEM
1,143,0000000b	03e83fab000f0000	000a000038390000	8664	InputApp	cw5n1h2txyewy	neutral,,NA,False,M:\Forensics\Lone Wolf 2018\KAPE\tout\D\Windows\System32\config\SYSTEM
1,144,0000000b	000a00003fab000f	000a00003fab000f	8664	F46D4000-FD22-4DB4-AC8E-4E1DDDE828FE	cw5n1h2txyewy	neutral,,NA,False,M:\Forensics\Lone Wolf 2018\KAPE\tout\D\Windows\System32\config\SYSTEM
1,145,0000000b	000a00003fab000f	000a00003fab000f	8664	E2A4F912-2574-4A75-9BB0-0D023378592B	cw5n1h2txyewy	neutral,,NA,False,M:\Forensics\Lone Wolf 2018\KAPE\tout\D\Windows\System32\config\SYSTEM
1,146,0000000b	000a00003fab000f	000a00003fab000f	8664	c5e2524a-ea46-4f67-841f-6a9465d9d515	cw5n1h2txyewy	neutral,,NA,False,M:\Forensics\Lone Wolf 2018\KAPE\tout\D\Windows\System32\config\SYSTEM
1,147,0000000b	000a00003fab000f	000a00003fab000f	8664	1527c705-839a-4832-9118-54d4Bd6a0c89	cw5n1h2txyewy	neutral,,NA,False,M:\Forensics\Lone Wolf 2018\KAPE\tout\D\Windows\System32\config\SYSTEM
1,148,0000000b	03e83fab000f0000	000a000000000000	8664	Microsoft.Windows.ParentalControls	cw5n1h2txyewy	neutral,,NA,False,M:\Forensics\Lone Wolf 2018\KAPE\tout\D\Windows\System32\config\SYSTEM
1,149,0000000b	000a00003fab000f	000a000000000000	8664	Microsoft.Windows.OOBENetworkCaptivePortal	cw5n1h2txyewy	,,NA,False,M:\Forensics\Lone Wolf 2018\KAPE\tout\D\Windows\System32\config\SYSTEM
1,150,0000000b	000a00003fab007d	000a00003fab007d	8664	Microsoft.Windows.HolographicFirstRun	cw5n1h2txyewy	neutral,,NA,False,M:\Forensics\Lone Wolf 2018\KAPE\tout\D\Windows\System32\config\SYSTEM
1,151,0000000b	03e83fab000f0000	000a000000000000	8664	Microsoft.Windows.AssignedAccessLockApp	cw5n1h2txyewy	neutral,,NA,False,M:\Forensics\Lone Wolf 2018\KAPE\tout\D\Windows\System32\config\SYSTEM
1,152,0000000b	03e83fab000f0000	000a000000000000	8664	Microsoft.Windows.Apprep.ChxApp	cw5n1h2txyewy	neutral,,NA,False,M:\Forensics\Lone Wolf 2018\KAPE\tout\D\Windows\System32\config\SYSTEM
1,153,0000000b	000a00003fab000f	000a000000000000	8664	Microsoft.LockApp	cw5n1h2txyewy	,,NA,False,M:\Forensics\Lone Wolf 2018\KAPE\tout\D\Windows\System32\config\SYSTEM
1,154,0000000b	000a00003fab000f	000a000000000000	8664	Microsoft.CredDialogHost	cw5n1h2txyewy	,,NA,False,M:\Forensics\Lone Wolf 2018\KAPE\tout\D\Windows\System32\config\SYSTEM
1,155,C:\Program Files\Common Files\Microsoft Shared\ClickToRun\OfficeC2RClient.exe,2018-03-03 13:22:00,NA,False,M:\Forensics\Lone Wolf 2018\KAPE\tout\D\Windows\System32\config\SYSTEM
1,156,C:\Program Files\Common Files\Microsoft Shared\ClickToRun\OfficeClickToRun.exe,2018-03-03 13:22:02,NA,False,M:\Forensics\Lone Wolf 2018\KAPE\tout\D\Windows\System32\config\SYSTEM
1,157,C:\Windows\System32\conhost.exe,2017-09-29 13:41:45,NA,False,M:\Forensics\Lone Wolf 2018\KAPE\tout\D\Windows\System32\config\SYSTEM
1,158,C:\Users\jcloudy\AppData\Local\Packages\Microsoft.MicrosoftEdge_8wekyb3d8bbwe\TempState\Downloads\Setup.X86.en-us_O365ProPlusRetail_02c0210c-b841-4cc2-b779-b3a35ae78121_TX_PR_b_64_.exe,2018-03-27 09:35:28,NA,False,M:\Forensics\Lone Wolf 2018\KAPE\tout\D\Windows\System32\config\SYSTEM
1,159,C:\Windows\system32\msiexec.exe,2017-09-29 13:41:52,NA,False,M:\Forensics\Lone Wolf 2018\KAPE\tout\D\Windows\System32\config\SYSTEM
1,160,C:\Program Files (x86)\Google\Update\1.3.33.7\GoogleCrashHandler64.exe,2018-03-27 09:29:34,NA,False,M:\Forensics\Lone Wolf 2018\KAPE\tout\D\Windows\System32\config\SYSTEM
1,161,C:\Program Files (x86)\Google\Update\1.3.33.7\GoogleCrashHandler.exe,2018-03-27 09:29:33,NA,False,M:\Forensics\Lone Wolf 2018\KAPE\tout\D\Windows\System32\config\SYSTEM
1,162,C:\Windows\system32\TokenBrokerCookies.exe,2017-09-29 13:41:25,NA,False,M:\Forensics\Lone Wolf 2018\KAPE\tout\D\Windows\System32\config\SYSTEM
1,163,C:\Windows\system32\MusNotification.exe,2018-03-01 05:53:37,NA,False,M:\Forensics\Lone Wolf 2018\KAPE\tout\D\Windows\System32\config\SYSTEM
1,164,C:\Program Files (x86)\Google\Chrome\Application\65.0.3325.181\Installer\chrmstp.exe,2018-03-27 09:32:44,NA,False,M:\Forensics\Lone Wolf 2018\KAPE\tout\D\Windows\System32\config\SYSTEM
1,165,C:\Program Files (x86)\Google\Chrome\Application\chrome.exe,2018-03-20 05:59:56,NA,False,M:\Forensics\Lone Wolf 2018\KAPE\tout\D\Windows\System32\config\SYSTEM
1,166,C:\Program Files (x86)\Google\Update\1.3.33.7\GoogleUpdateOnDemand.exe,2018-03-27 09:29:34,NA,False,M:\Forensics\Lone Wolf 2018\KAPE\tout\D\Windows\System32\config\SYSTEM
1,167,C:\Users\jcloudy\AppData\Local\Temp\CR_2A516.tmp\setup.exe,2018-03-27 09:32:44,NA,False,M:\Forensics\Lone Wolf 2018\KAPE\tout\D\Windows\System32\config\SYSTEM
1,168,C:\Program Files (x86)\Google\Update\Install\{86137514-DE79-481E-8F46-5707D5A75BA8}\65.0.3325.181_chrome_installer.exe,2018-03-20 06:34:51,NA,False,M:\Forensics\Lone Wolf 2018\KAPE\tout\D\Windows\System32\config\SYSTEM
1,169,C:\Windows\system32\FlashPlayerCPLApp.cpl,2017-12-14 01:40:39,NA,False,M:\Forensics\Lone Wolf 2018\KAPE\tout\D\Windows\System32\config\SYSTEM
1,170,C:\Windows\SysWOW64\DllHost.exe,2017-09-29 13:42:14,NA,False,M:\Forensics\Lone Wolf 2018\KAPE\tout\D\Windows\System32\config\SYSTEM
1,171,C:\Windows\SystemApps\Microsoft.AAD.BrokerPlugin_cw5n1h2txyewy\Application,2018-03-27 12:12:00,NA,False,M:\Forensics\Lone Wolf 2018\KAPE\tout\D\Windows\System32\config\SYSTEM
1,172,C:\Program Files (x86)\Google\Update\1.3.33.7\GoogleUpdateComRegisterShell64.exe,2018-03-27 09:29:34,NA,False,M:\Forensics\Lone Wolf 2018\KAPE\tout\D\Windows\System32\config\SYSTEM
1,173,C:\Program Files (x86)\Google\Update\GoogleUpdate.exe,2018-03-27 09:29:33,NA,False,M:\Forensics\Lone Wolf 2018\KAPE\tout\D\Windows\System32\config\SYSTEM
1,174,C:\Program Files (x86)\GUMFC2E.tmp\GoogleUpdate.exe,2018-03-27 09:29:33,NA,False,M:\Forensics\Lone Wolf 2018\KAPE\tout\D\Windows\System32\config\SYSTEM
1,175,C:\Users\jcloudy\AppData\Local\Temp\GUME1E0.tmp\GoogleUpdateSetup.exe,2018-03-27 09:29:23,NA,False,M:\Forensics\Lone Wolf 2018\KAPE\tout\D\Windows\System32\config\SYSTEM
1,176,C:\Users\jcloudy\AppData\Local\Temp\GUME1E0.tmp\GoogleUpdate.exe,2018-03-27 09:29:27,NA,False,M:\Forensics\Lone Wolf 2018\KAPE\tout\D\Windows\System32\config\SYSTEM
1,177,C:\Users\jcloudy\AppData\Local\Packages\Microsoft.MicrosoftEdge_8wekyb3d8bbwe\TempState\Downloads\ChromeSetup.exe,2018-03-27 09:29:23,NA,False,M:\Forensics\Lone Wolf 2018\KAPE\tout\D\Windows\System32\config\SYSTEM
1,178,C:\Windows\system32\browser_broker.exe,2017-09-29 13:41:14,NA,False,M:\Forensics\Lone Wolf 2018\KAPE\tout\D\Windows\System32\config\SYSTEM
1,179,0000000b	00293fab000f0000	000a00003fab0000	8664	Microsoft.MicrosoftEdge	8wekyb3d8bbwe	,,NA,False,M:\Forensics\Lone Wolf 2018\KAPE\tout\D\Windows\System32\config\SYSTEM
1,180,C:\Windows\SystemApps\Microsoft.MicrosoftEdge_8wekyb3d8bbwe\Application,2018-03-27 12:12:02,NA,False,M:\Forensics\Lone Wolf 2018\KAPE\tout\D\Windows\System32\config\SYSTEM
1,181,C:\Windows\system32\dmclient.exe,2017-09-29 13:42:06,NA,False,M:\Forensics\Lone Wolf 2018\KAPE\tout\D\Windows\System32\config\SYSTEM
1,182,C:\Windows\ImmersiveControlPanel\SystemSettings.exe,2017-09-29 13:43:11,NA,False,M:\Forensics\Lone Wolf 2018\KAPE\tout\D\Windows\System32\config\SYSTEM
1,183,C:\Windows\system32\ApplicationFrameHost.exe,2017-09-29 13:41:37,NA,False,M:\Forensics\Lone Wolf 2018\KAPE\tout\D\Windows\System32\config\SYSTEM
1,184,C:\Windows\System32\SystemSettingsBroker.exe,2017-09-29 13:42:06,NA,False,M:\Forensics\Lone Wolf 2018\KAPE\tout\D\Windows\System32\config\SYSTEM
1,185,C:\Program Files\STMicroelectronics\stdcfltn\dpinst.exe,2016-08-29 21:13:18,NA,False,M:\Forensics\Lone Wolf 2018\KAPE\tout\D\Windows\System32\config\SYSTEM
1,186,C:\Windows\system32\expand.exe,2017-09-29 13:41:45,NA,False,M:\Forensics\Lone Wolf 2018\KAPE\tout\D\Windows\System32\config\SYSTEM
1,187,C:\Windows\TEMP\sefBC20.tmp\CertMgr.exe,2012-07-26 03:25:28,NA,False,M:\Forensics\Lone Wolf 2018\KAPE\tout\D\Windows\System32\config\SYSTEM
1,188,C:\Windows\TEMP\sefBC20.tmp\IntelWiDiAudioHelper64.exe,2015-06-26 20:51:18,NA,False,M:\Forensics\Lone Wolf 2018\KAPE\tout\D\Windows\System32\config\SYSTEM
1,189,C:\Windows\SoftwareDistribution\Download\Install\igxpun.exe,2015-07-31 02:45:34,NA,False,M:\Forensics\Lone Wolf 2018\KAPE\tout\D\Windows\System32\config\SYSTEM
1,190,C:\Windows\system32\IntelWiDiVAD64.exe,2015-07-31 02:45:34,NA,False,M:\Forensics\Lone Wolf 2018\KAPE\tout\D\Windows\System32\config\SYSTEM
1,191,C:\Windows\syswow64\WOWReg32.exe,2017-09-29 13:42:23,NA,False,M:\Forensics\Lone Wolf 2018\KAPE\tout\D\Windows\System32\config\SYSTEM
1,192,C:\Windows\system32\w32tm.exe,2017-09-29 13:42:07,NA,False,M:\Forensics\Lone Wolf 2018\KAPE\tout\D\Windows\System32\config\SYSTEM
1,193,C:\Windows\System32\sihclient.exe,2017-12-14 01:39:08,NA,False,M:\Forensics\Lone Wolf 2018\KAPE\tout\D\Windows\System32\config\SYSTEM
1,194,C:\Windows\System32\WaaSMedic.exe,2017-09-29 13:41:31,NA,False,M:\Forensics\Lone Wolf 2018\KAPE\tout\D\Windows\System32\config\SYSTEM
1,195,c:\windows\system32\NetCfgNotifyObjectHost.exe,2017-09-29 13:41:56,NA,False,M:\Forensics\Lone Wolf 2018\KAPE\tout\D\Windows\System32\config\SYSTEM
1,196,C:\Windows\system32\BtwRSupportService.exe,2015-10-29 18:01:42,NA,False,M:\Forensics\Lone Wolf 2018\KAPE\tout\D\Windows\System32\config\SYSTEM
1,197,SIGN.MEDIA=68F09C0 AKMonitor\AKMonitor.exe,2016-10-13 02:02:10,NA,False,M:\Forensics\Lone Wolf 2018\KAPE\tout\D\Windows\System32\config\SYSTEM
1,198,SIGN.MEDIA=68F09C0 AKMonitor\settings.exe,2016-10-13 02:03:06,NA,False,M:\Forensics\Lone Wolf 2018\KAPE\tout\D\Windows\System32\config\SYSTEM
1,199,SIGN.MEDIA=68F09C0 AKMonitor\unins000.exe,2018-03-22 02:42:18,NA,False,M:\Forensics\Lone Wolf 2018\KAPE\tout\D\Windows\System32\config\SYSTEM
1,200,C:\Windows\SysWOW64\icacls.exe,2017-09-29 13:42:11,NA,False,M:\Forensics\Lone Wolf 2018\KAPE\tout\D\Windows\System32\config\SYSTEM
1,201,C:\Windows\system32\icacls.exe,2017-09-29 13:42:11,NA,False,M:\Forensics\Lone Wolf 2018\KAPE\tout\D\Windows\System32\config\SYSTEM
1,202,C:\Windows\SysWOW64\cmd.exe,2017-09-29 13:42:09,NA,False,M:\Forensics\Lone Wolf 2018\KAPE\tout\D\Windows\System32\config\SYSTEM
1,203,C:\Users\jcloudy\AppData\Local\Microsoft\OneDrive\18.025.0204.0009\FileSyncConfig.exe,2018-03-27 09:22:01,NA,False,M:\Forensics\Lone Wolf 2018\KAPE\tout\D\Windows\System32\config\SYSTEM
1,204,C:\Windows\system32\srtasks.exe,2017-09-29 13:41:18,NA,False,M:\Forensics\Lone Wolf 2018\KAPE\tout\D\Windows\System32\config\SYSTEM
1,205,C:\Windows\system32\vssvc.exe,2017-09-29 13:42:04,NA,False,M:\Forensics\Lone Wolf 2018\KAPE\tout\D\Windows\System32\config\SYSTEM
1,206,C:\Users\jcloudy\AppData\Local\Microsoft\OneDrive\Update\OneDriveSetup.exe,2018-03-27 09:21:57,NA,False,M:\Forensics\Lone Wolf 2018\KAPE\tout\D\Windows\System32\config\SYSTEM
1,207,C:\Users\jcloudy\AppData\Local\Microsoft\OneDrive\OneDrive.exe,2018-03-27 09:22:05,NA,False,M:\Forensics\Lone Wolf 2018\KAPE\tout\D\Windows\System32\config\SYSTEM
1,208,C:\Users\jcloudy\AppData\Local\Microsoft\OneDrive\17.3.6816.0313\FileSyncConfig.exe,2018-03-27 09:21:20,NA,False,M:\Forensics\Lone Wolf 2018\KAPE\tout\D\Windows\System32\config\SYSTEM
1,209,C:\Program Files\DellTPad\DellTouchpad.exe,2015-06-25 08:56:04,NA,False,M:\Forensics\Lone Wolf 2018\KAPE\tout\D\Windows\System32\config\SYSTEM
1,210,C:\Program Files (x86)\NVIDIA Corporation\3D Vision\nvstview.exe,2016-12-29 12:28:56,NA,False,M:\Forensics\Lone Wolf 2018\KAPE\tout\D\Windows\System32\config\SYSTEM
1,211,C:\Program Files (x86)\NVIDIA Corporation\3D Vision\nvstlink.exe,2016-12-29 12:28:42,NA,False,M:\Forensics\Lone Wolf 2018\KAPE\tout\D\Windows\System32\config\SYSTEM
1,212,C:\Program Files\DellTPad\HidFind.exe,2015-06-25 08:56:02,NA,False,M:\Forensics\Lone Wolf 2018\KAPE\tout\D\Windows\System32\config\SYSTEM
1,213,C:\Program Files\DellTPad\Apntex.exe,2015-06-25 08:56:02,NA,False,M:\Forensics\Lone Wolf 2018\KAPE\tout\D\Windows\System32\config\SYSTEM
1,214,C:\Program Files\DellTPad\ApMsgFwd.exe,2015-06-25 08:56:02,NA,False,M:\Forensics\Lone Wolf 2018\KAPE\tout\D\Windows\System32\config\SYSTEM
1,215,C:\Program Files (x86)\NVIDIA Corporation\3D Vision\nvstreg.exe,2016-12-29 12:28:48,NA,False,M:\Forensics\Lone Wolf 2018\KAPE\tout\D\Windows\System32\config\SYSTEM
1,216,C:\Program Files (x86)\NVIDIA Corporation\3D Vision\nvStInst.exe,2016-12-29 12:28:39,NA,False,M:\Forensics\Lone Wolf 2018\KAPE\tout\D\Windows\System32\config\SYSTEM
1,217,C:\Windows\SysWOW64\OneDriveSetup.exe,2017-09-29 13:41:23,NA,False,M:\Forensics\Lone Wolf 2018\KAPE\tout\D\Windows\System32\config\SYSTEM
1,218,C:\Windows\SysWOW64\rundll32.exe,2017-09-29 13:42:24,NA,False,M:\Forensics\Lone Wolf 2018\KAPE\tout\D\Windows\System32\config\SYSTEM
1,219,C:\Program Files\DellTPad\Apoint.exe,2015-06-25 08:56:02,NA,False,M:\Forensics\Lone Wolf 2018\KAPE\tout\D\Windows\System32\config\SYSTEM
1,220,C:\Program Files\Windows Defender\MSASCuiL.exe,2017-09-29 13:41:19,NA,False,M:\Forensics\Lone Wolf 2018\KAPE\tout\D\Windows\System32\config\SYSTEM
1,221,C:\Temp\NVIDIA\3DVision\nvStInst.exe,2016-12-29 12:28:39,NA,False,M:\Forensics\Lone Wolf 2018\KAPE\tout\D\Windows\System32\config\SYSTEM
1,222,C:\Windows\system32\verclsid.exe,2017-09-29 13:41:58,NA,False,M:\Forensics\Lone Wolf 2018\KAPE\tout\D\Windows\System32\config\SYSTEM
1,223,C:\Windows\TEMP\{920E9C9C-8C23-4399-927E-39D001749171}\ISBEW64.exe,2007-04-24 20:22:32,NA,False,M:\Forensics\Lone Wolf 2018\KAPE\tout\D\Windows\System32\config\SYSTEM
1,224,C:\Temp\NVIDIA\3DVision\setup.exe,2016-12-29 12:28:02,NA,False,M:\Forensics\Lone Wolf 2018\KAPE\tout\D\Windows\System32\config\SYSTEM
1,225,C:\Windows\SysWOW64\WindowsPowerShell\v1.0\powershell.exe,2017-09-29 13:43:19,NA,False,M:\Forensics\Lone Wolf 2018\KAPE\tout\D\Windows\System32\config\SYSTEM
1,226,C:\Windows\System32\WindowsPowerShell\v1.0\powershell.exe,2017-09-29 13:43:19,NA,False,M:\Forensics\Lone Wolf 2018\KAPE\tout\D\Windows\System32\config\SYSTEM
1,227,C:\Windows\system32\WindowsPowerShell\v1.0\PowerShell_ISE.exe,2017-09-29 13:43:12,NA,False,M:\Forensics\Lone Wolf 2018\KAPE\tout\D\Windows\System32\config\SYSTEM
1,228,C:\Windows\System32\mobsync.exe,2017-09-29 13:42:01,NA,False,M:\Forensics\Lone Wolf 2018\KAPE\tout\D\Windows\System32\config\SYSTEM
1,229,C:\Windows\system32\cmd.exe,2017-09-29 13:41:33,NA,False,M:\Forensics\Lone Wolf 2018\KAPE\tout\D\Windows\System32\config\SYSTEM
1,230,C:\Windows\system32\taskmgr.exe,2017-09-29 13:41:38,NA,False,M:\Forensics\Lone Wolf 2018\KAPE\tout\D\Windows\System32\config\SYSTEM
1,231,C:\Program Files\Windows NT\Accessories\wordpad.exe,2017-09-29 13:41:40,NA,False,M:\Forensics\Lone Wolf 2018\KAPE\tout\D\Windows\System32\config\SYSTEM
1,232,C:\Windows\system32\xpsrchvw.exe,2017-09-29 13:41:18,NA,False,M:\Forensics\Lone Wolf 2018\KAPE\tout\D\Windows\System32\config\SYSTEM
1,233,C:\Windows\system32\SnippingTool.exe,2017-09-29 14:43:00,NA,False,M:\Forensics\Lone Wolf 2018\KAPE\tout\D\Windows\System32\config\SYSTEM
1,234,C:\Windows\system32\quickassist.exe,2017-09-28 19:02:00,NA,False,M:\Forensics\Lone Wolf 2018\KAPE\tout\D\Windows\System32\config\SYSTEM
1,235,C:\Program Files (x86)\Windows Media Player\wmplayer.exe,2017-09-28 18:43:00,NA,False,M:\Forensics\Lone Wolf 2018\KAPE\tout\D\Windows\System32\config\SYSTEM
1,236,C:\Windows\system32\mstsc.exe,2017-09-29 13:42:03,NA,False,M:\Forensics\Lone Wolf 2018\KAPE\tout\D\Windows\System32\config\SYSTEM
1,237,C:\Windows\system32\psr.exe,2017-09-29 13:41:39,NA,False,M:\Forensics\Lone Wolf 2018\KAPE\tout\D\Windows\System32\config\SYSTEM
1,238,C:\Program Files\Common Files\Microsoft Shared\Ink\mip.exe,2017-09-29 14:43:02,NA,False,M:\Forensics\Lone Wolf 2018\KAPE\tout\D\Windows\System32\config\SYSTEM
1,239,C:\Program Files\internet explorer\iexplore.exe,2017-12-14 01:39:17,NA,False,M:\Forensics\Lone Wolf 2018\KAPE\tout\D\Windows\System32\config\SYSTEM
1,240,C:\Windows\system32\notepad.exe,2017-09-29 13:41:56,NA,False,M:\Forensics\Lone Wolf 2018\KAPE\tout\D\Windows\System32\config\SYSTEM
1,241,C:\Windows\system32\WFS.exe,2017-09-29 13:43:09,NA,False,M:\Forensics\Lone Wolf 2018\KAPE\tout\D\Windows\System32\config\SYSTEM
1,242,C:\Windows\system32\mspaint.exe,2017-09-29 13:41:38,NA,False,M:\Forensics\Lone Wolf 2018\KAPE\tout\D\Windows\System32\config\SYSTEM
1,243,C:\Windows\system32\charmap.exe,2017-09-29 13:42:00,NA,False,M:\Forensics\Lone Wolf 2018\KAPE\tout\D\Windows\System32\config\SYSTEM
1,244,C:\Windows\system32\magnify.exe,2017-09-29 13:41:38,NA,False,M:\Forensics\Lone Wolf 2018\KAPE\tout\D\Windows\System32\config\SYSTEM
1,245,C:\Windows\Speech\Common\sapisvr.exe,2017-09-29 13:42:00,NA,False,M:\Forensics\Lone Wolf 2018\KAPE\tout\D\Windows\System32\config\SYSTEM
1,246,C:\Windows\system32\narrator.exe,2017-09-29 13:41:38,NA,False,M:\Forensics\Lone Wolf 2018\KAPE\tout\D\Windows\System32\config\SYSTEM
1,247,C:\Windows\system32\osk.exe,2017-09-29 13:41:40,NA,False,M:\Forensics\Lone Wolf 2018\KAPE\tout\D\Windows\System32\config\SYSTEM
1,248,C:\Windows\syswow64\odbcad32.exe,2017-09-29 13:42:18,NA,False,M:\Forensics\Lone Wolf 2018\KAPE\tout\D\Windows\System32\config\SYSTEM
1,249,C:\Windows\system32\odbcad32.exe,2017-09-29 13:41:51,NA,False,M:\Forensics\Lone Wolf 2018\KAPE\tout\D\Windows\System32\config\SYSTEM
1,250,C:\Windows\system32\msinfo32.exe,2017-09-29 13:42:06,NA,False,M:\Forensics\Lone Wolf 2018\KAPE\tout\D\Windows\System32\config\SYSTEM
1,251,C:\Windows\system32\MdSched.exe,2017-09-29 13:42:07,NA,False,M:\Forensics\Lone Wolf 2018\KAPE\tout\D\Windows\System32\config\SYSTEM
1,252,C:\Windows\system32\iscsicpl.exe,2017-09-29 13:41:50,NA,False,M:\Forensics\Lone Wolf 2018\KAPE\tout\D\Windows\System32\config\SYSTEM
1,253,C:\Windows\system32\RecoveryDrive.exe,2017-12-14 01:39:08,NA,False,M:\Forensics\Lone Wolf 2018\KAPE\tout\D\Windows\System32\config\SYSTEM
1,254,C:\Windows\system32\dfrgui.exe,2017-09-29 13:41:44,NA,False,M:\Forensics\Lone Wolf 2018\KAPE\tout\D\Windows\System32\config\SYSTEM
1,255,C:\Windows\system32\cleanmgr.exe,2017-09-29 13:41:40,NA,False,M:\Forensics\Lone Wolf 2018\KAPE\tout\D\Windows\System32\config\SYSTEM
1,256,C:\Windows\system32\msconfig.exe,2017-09-29 13:41:50,NA,False,M:\Forensics\Lone Wolf 2018\KAPE\tout\D\Windows\System32\config\SYSTEM
1,257,C:\Program Files\NVIDIA Corporation\Display\nvtray.exe,2016-12-29 13:16:14,NA,False,M:\Forensics\Lone Wolf 2018\KAPE\tout\D\Windows\System32\config\SYSTEM
1,258,C:\Windows\System32\fsquirt.exe,2017-09-29 13:41:41,NA,False,M:\Forensics\Lone Wolf 2018\KAPE\tout\D\Windows\System32\config\SYSTEM
1,259,C:\Program Files\NVIDIA Corporation\Installer2\Display.3DVision.{B000D554-73C9-4982-B0CE-7FEEC8F7C5B2}\3DVision.exe,2017-03-14 14:07:14,NA,False,M:\Forensics\Lone Wolf 2018\KAPE\tout\D\Windows\System32\config\SYSTEM
1,260,C:\Program Files (x86)\VulkanRT\1.0.26.0\ConfigureRT.exe,2016-09-09 18:28:28,NA,False,M:\Forensics\Lone Wolf 2018\KAPE\tout\D\Windows\System32\config\SYSTEM
1,261,C:\Windows\SoftwareDistribution\Download\Install\VulkanRT-Installer.exe,2017-03-14 14:15:58,NA,False,M:\Forensics\Lone Wolf 2018\KAPE\tout\D\Windows\System32\config\SYSTEM
1,262,C:\Program Files\WindowsApps\microsoft.windowscommunicationsapps_17.8241.41275.0_x64__8wekyb3d8bbwe\Application,2018-03-27 12:12:36,NA,False,M:\Forensics\Lone Wolf 2018\KAPE\tout\D\Windows\System32\config\SYSTEM
1,263,C:\Program Files\WindowsApps\Microsoft.WindowsStore_11706.1002.9.0_x64__8wekyb3d8bbwe\Application,2018-03-27 12:12:42,NA,False,M:\Forensics\Lone Wolf 2018\KAPE\tout\D\Windows\System32\config\SYSTEM
1,264,C:\Program Files\WindowsApps\Microsoft.Windows.Photos_2017.37071.16410.0_x64__8wekyb3d8bbwe\Application,2018-03-27 12:12:28,NA,False,M:\Forensics\Lone Wolf 2018\KAPE\tout\D\Windows\System32\config\SYSTEM
1,265,C:\Windows\system32\SettingSyncHost.exe,2017-09-29 13:41:26,NA,False,M:\Forensics\Lone Wolf 2018\KAPE\tout\D\Windows\System32\config\SYSTEM
1,266,C:\Windows\System32\WiFiTask.exe,2018-01-01 12:37:57,NA,False,M:\Forensics\Lone Wolf 2018\KAPE\tout\D\Windows\System32\config\SYSTEM
1,267,C:\Program Files\NVIDIA Corporation\Display\nvxdsync.exe,2016-12-29 13:16:15,NA,False,M:\Forensics\Lone Wolf 2018\KAPE\tout\D\Windows\System32\config\SYSTEM
1,268,C:\temp\NVIDIA\ControlPanelInstallerTemp\setup.exe,2016-12-29 13:16:15,NA,False,M:\Forensics\Lone Wolf 2018\KAPE\tout\D\Windows\System32\config\SYSTEM
1,269,C:\Program Files\NVIDIA Corporation\Installer2\Display.Driver.{F1A55424-D217-43B2-9E6F-93F765181C8D}\NVCPLSetupInt.exe,2017-03-14 14:08:48,NA,False,M:\Forensics\Lone Wolf 2018\KAPE\tout\D\Windows\System32\config\SYSTEM
1,270,C:\Program Files\NVIDIA Corporation\Display.NvContainer\NVDisplay.Container.exe,2016-12-29 13:10:15,NA,False,M:\Forensics\Lone Wolf 2018\KAPE\tout\D\Windows\System32\config\SYSTEM
1,271,C:\Windows\system32\sc.exe,2017-09-29 13:41:33,NA,False,M:\Forensics\Lone Wolf 2018\KAPE\tout\D\Windows\System32\config\SYSTEM
1,272,C:\Windows\system32\taskkill.exe,2017-09-29 13:42:04,NA,False,M:\Forensics\Lone Wolf 2018\KAPE\tout\D\Windows\System32\config\SYSTEM
1,273,C:\temp\NVIDIA\NvDisplayContainerInstallerTemp\setup.exe,2016-12-29 13:10:07,NA,False,M:\Forensics\Lone Wolf 2018\KAPE\tout\D\Windows\System32\config\SYSTEM
1,274,C:\Program Files\NVIDIA Corporation\Installer2\Display.Driver.{F1A55424-D217-43B2-9E6F-93F765181C8D}\NvContainerSetup.exe,2017-03-14 14:08:42,NA,False,M:\Forensics\Lone Wolf 2018\KAPE\tout\D\Windows\System32\config\SYSTEM
1,275,C:\Windows\SoftwareDistribution\Download\Install\SETUP.EXE,2017-03-14 14:15:54,NA,False,M:\Forensics\Lone Wolf 2018\KAPE\tout\D\Windows\System32\config\SYSTEM
1,276,C:\Program Files\NVIDIA Corporation\DRS\DBInstaller.exe,2017-03-14 14:07:18,NA,False,M:\Forensics\Lone Wolf 2018\KAPE\tout\D\Windows\System32\config\SYSTEM
1,277,0000000b	0001000900063fab	000a00003fab0000	8664	Microsoft.Windows.Cortana	cw5n1h2txyewy	neutral,,NA,False,M:\Forensics\Lone Wolf 2018\KAPE\tout\D\Windows\System32\config\SYSTEM
1,278,C:\Windows\SystemApps\Microsoft.Windows.Cortana_cw5n1h2txyewy\Application,2018-03-27 09:55:35,NA,False,M:\Forensics\Lone Wolf 2018\KAPE\tout\D\Windows\System32\config\SYSTEM
1,279,C:\Windows\SystemApps\ShellExperienceHost_cw5n1h2txyewy\Application,2018-03-27 12:12:05,NA,False,M:\Forensics\Lone Wolf 2018\KAPE\tout\D\Windows\System32\config\SYSTEM
1,280,00000009	000100035d5d0000	000a000027410000	8664	Microsoft.NET.Native.Runtime.1.3	8wekyb3d8bbwe	,,NA,False,M:\Forensics\Lone Wolf 2018\KAPE\tout\D\Windows\System32\config\SYSTEM
1,281,00000000	000100035d5d0000	000a000027410000	8664	Microsoft.NET.Native.Runtime.1.3	8wekyb3d8bbwe	,,NA,False,M:\Forensics\Lone Wolf 2018\KAPE\tout\D\Windows\System32\config\SYSTEM
1,282,00000009	000100035e890000	000a000027410000	8664	Microsoft.NET.Native.Framework.1.3	8wekyb3d8bbwe	,,NA,False,M:\Forensics\Lone Wolf 2018\KAPE\tout\D\Windows\System32\config\SYSTEM
1,283,00000000	000100035e890000	000a000027410000	8664	Microsoft.NET.Native.Framework.1.3	8wekyb3d8bbwe	,,NA,False,M:\Forensics\Lone Wolf 2018\KAPE\tout\D\Windows\System32\config\SYSTEM
1,284,00000009	000100045e890000	000a000027410000	8664	Microsoft.NET.Native.Runtime.1.4	8wekyb3d8bbwe	,,NA,False,M:\Forensics\Lone Wolf 2018\KAPE\tout\D\Windows\System32\config\SYSTEM
1,285,00000000	000100045e890000	000a000027410000	8664	Microsoft.NET.Native.Runtime.1.4	8wekyb3d8bbwe	,,NA,False,M:\Forensics\Lone Wolf 2018\KAPE\tout\D\Windows\System32\config\SYSTEM
1,286,00000009	000e0000601d0000	000a0000273a0000	8664	Microsoft.VCLibs.140.00	8wekyb3d8bbwe	,,NA,False,M:\Forensics\Lone Wolf 2018\KAPE\tout\D\Windows\System32\config\SYSTEM
1,287,00000000	000e0000601d0000	000a0000273a0000	8664	Microsoft.VCLibs.140.00	8wekyb3d8bbwe	,,NA,False,M:\Forensics\Lone Wolf 2018\KAPE\tout\D\Windows\System32\config\SYSTEM
1,288,00000009	0001000661470000	000a000027410000	8664	Microsoft.NET.Native.Framework.1.6	8wekyb3d8bbwe	,,NA,False,M:\Forensics\Lone Wolf 2018\KAPE\tout\D\Windows\System32\config\SYSTEM
1,289,00000000	0001000661470000	000a000027410000	8664	Microsoft.NET.Native.Framework.1.6	8wekyb3d8bbwe	,,NA,False,M:\Forensics\Lone Wolf 2018\KAPE\tout\D\Windows\System32\config\SYSTEM
1,290,00000009	0001000661470000	000a000027410000	8664	Microsoft.NET.Native.Runtime.1.6	8wekyb3d8bbwe	,,NA,False,M:\Forensics\Lone Wolf 2018\KAPE\tout\D\Windows\System32\config\SYSTEM
1,291,00000000	0001000661470000	000a000027410000	8664	Microsoft.NET.Native.Runtime.1.6	8wekyb3d8bbwe	,,NA,False,M:\Forensics\Lone Wolf 2018\KAPE\tout\D\Windows\System32\config\SYSTEM
1,292,0000000b	000a0000000103e8	000a00003fab000f	8664	windows.immersivecontrolpanel	cw5n1h2txyewy	neutral,,NA,False,M:\Forensics\Lone Wolf 2018\KAPE\tout\D\Windows\System32\config\SYSTEM
1,293,C:\Windows\System32\LocationNotificationWindows.exe,2017-09-29 13:41:51,NA,False,M:\Forensics\Lone Wolf 2018\KAPE\tout\D\Windows\System32\config\SYSTEM
1,294,c:\windows\system32\consent.exe,2017-09-29 13:41:50,NA,False,M:\Forensics\Lone Wolf 2018\KAPE\tout\D\Windows\System32\config\SYSTEM
1,295,C:\Windows\System32\ie4uinit.exe,2018-02-10 04:42:43,NA,False,M:\Forensics\Lone Wolf 2018\KAPE\tout\D\Windows\System32\config\SYSTEM
1,296,C:\Windows\System32\unregmp2.exe,2017-09-28 19:02:00,NA,False,M:\Forensics\Lone Wolf 2018\KAPE\tout\D\Windows\System32\config\SYSTEM
1,297,C:\Windows\system32\ctfmon.exe,2017-09-29 13:42:00,NA,False,M:\Forensics\Lone Wolf 2018\KAPE\tout\D\Windows\System32\config\SYSTEM
1,298,C:\Windows\System32\oobe\UserOOBEBroker.exe,2017-09-29 13:41:56,NA,False,M:\Forensics\Lone Wolf 2018\KAPE\tout\D\Windows\System32\config\SYSTEM
1,299,\\?\C:\Windows\system32\wbem\WMIADAP.EXE,2017-09-29 13:42:04,NA,False,M:\Forensics\Lone Wolf 2018\KAPE\tout\D\Windows\System32\config\SYSTEM
1,300,C:\Windows\system32\wuauclt.exe,2017-12-14 01:39:06,NA,False,M:\Forensics\Lone Wolf 2018\KAPE\tout\D\Windows\System32\config\SYSTEM
1,301,C:\Windows\winsxs\amd64_microsoft-windows-servicingstack_31bf3856ad364e35_10.0.16299.15_none_2c4b8d3b386eed8e\TiWorker.exe,2017-09-29 08:45:14,NA,False,M:\Forensics\Lone Wolf 2018\KAPE\tout\D\Windows\System32\config\SYSTEM
1,302,C:\Windows\system32\wermgr.exe,2017-09-29 13:41:43,NA,False,M:\Forensics\Lone Wolf 2018\KAPE\tout\D\Windows\System32\config\SYSTEM
1,303,C:\Windows\system32\compattelrunner.exe,2017-09-29 13:41:40,NA,False,M:\Forensics\Lone Wolf 2018\KAPE\tout\D\Windows\System32\config\SYSTEM
1,304,C:\Windows\SystemApps\Microsoft.Windows.OOBENetworkConnectionFlow_cw5n1h2txyewy\Application,2018-03-27 12:12:04,NA,False,M:\Forensics\Lone Wolf 2018\KAPE\tout\D\Windows\System32\config\SYSTEM
1,305,0000000b	000a00003fab000f	000a000000000000	8664	Microsoft.Windows.OOBENetworkConnectionFlow	cw5n1h2txyewy	,,NA,False,M:\Forensics\Lone Wolf 2018\KAPE\tout\D\Windows\System32\config\SYSTEM
1,306,C:\Windows\System32\CloudExperienceHostBroker.exe,2017-09-29 13:41:38,NA,False,M:\Forensics\Lone Wolf 2018\KAPE\tout\D\Windows\System32\config\SYSTEM
1,307,C:\Windows\System32\Speech_OneCore\Common\SpeechRuntime.exe,2017-09-29 13:41:37,NA,False,M:\Forensics\Lone Wolf 2018\KAPE\tout\D\Windows\System32\config\SYSTEM
1,308,C:\Windows\System32\SLUI.exe,2017-09-29 13:42:00,NA,False,M:\Forensics\Lone Wolf 2018\KAPE\tout\D\Windows\System32\config\SYSTEM
1,309,C:\Windows\system32\SppExtComObj.exe,2017-09-29 13:42:01,NA,False,M:\Forensics\Lone Wolf 2018\KAPE\tout\D\Windows\System32\config\SYSTEM
1,310,C:\Windows\SysWOW64\regsvr32.exe,2017-09-29 13:42:24,NA,False,M:\Forensics\Lone Wolf 2018\KAPE\tout\D\Windows\System32\config\SYSTEM
1,311,C:\Windows\system32\regsvr32.exe,2018-02-10 04:42:34,NA,False,M:\Forensics\Lone Wolf 2018\KAPE\tout\D\Windows\System32\config\SYSTEM
1,312,C:\Windows\System32\RuntimeBroker.exe,2017-09-29 13:41:25,NA,False,M:\Forensics\Lone Wolf 2018\KAPE\tout\D\Windows\System32\config\SYSTEM
1,313,C:\Windows\System32\smartscreen.exe,2017-12-14 01:39:06,NA,False,M:\Forensics\Lone Wolf 2018\KAPE\tout\D\Windows\System32\config\SYSTEM
1,314,0000000b	000a00003fab000f	000a00003fab0000	8664	Microsoft.Windows.CloudExperienceHost	cw5n1h2txyewy	neutral,,NA,False,M:\Forensics\Lone Wolf 2018\KAPE\tout\D\Windows\System32\config\SYSTEM
1,315,C:\Windows\SystemApps\Microsoft.Windows.CloudExperienceHost_cw5n1h2txyewy\Application,2018-03-27 12:12:02,NA,False,M:\Forensics\Lone Wolf 2018\KAPE\tout\D\Windows\System32\config\SYSTEM
1,316,C:\Windows\SystemApps\Microsoft.Windows.ContentDeliveryManager_cw5n1h2txyewy\Application,2018-03-27 12:12:03,NA,False,M:\Forensics\Lone Wolf 2018\KAPE\tout\D\Windows\System32\config\SYSTEM
1,317,c:\windows\system32\rundll32.exe,2017-09-29 13:41:58,NA,False,M:\Forensics\Lone Wolf 2018\KAPE\tout\D\Windows\System32\config\SYSTEM
1,318,C:\Windows\Explorer.EXE,2018-02-10 06:09:53,NA,False,M:\Forensics\Lone Wolf 2018\KAPE\tout\D\Windows\System32\config\SYSTEM
1,319,C:\Windows\system32\userinit.exe,2017-09-29 13:41:43,NA,False,M:\Forensics\Lone Wolf 2018\KAPE\tout\D\Windows\System32\config\SYSTEM
1,320,C:\Windows\system32\MDMAgent.exe,2017-09-29 13:42:06,NA,False,M:\Forensics\Lone Wolf 2018\KAPE\tout\D\Windows\System32\config\SYSTEM
1,321,C:\Windows\system32\Clipup.exe,2017-09-29 13:41:25,NA,False,M:\Forensics\Lone Wolf 2018\KAPE\tout\D\Windows\System32\config\SYSTEM
1,322,c:\windows\system32\sihost.exe,2017-09-29 13:41:31,NA,False,M:\Forensics\Lone Wolf 2018\KAPE\tout\D\Windows\System32\config\SYSTEM
1,323,C:\Windows\system32\wbem\wmiprvse.exe,2018-02-10 04:35:38,NA,False,M:\Forensics\Lone Wolf 2018\KAPE\tout\D\Windows\System32\config\SYSTEM
1,324,C:\Windows\system32\LogonUI.exe,2017-09-29 13:42:05,NA,False,M:\Forensics\Lone Wolf 2018\KAPE\tout\D\Windows\System32\config\SYSTEM
1,325,C:\Windows\system32\devicecensus.exe,2017-09-29 13:41:43,NA,False,M:\Forensics\Lone Wolf 2018\KAPE\tout\D\Windows\System32\config\SYSTEM
1,326,c:\windows\system32\taskhostw.exe,2017-09-29 13:42:01,NA,False,M:\Forensics\Lone Wolf 2018\KAPE\tout\D\Windows\System32\config\SYSTEM
1,327,C:\Windows\system32\mcbuilder.exe,2017-09-29 13:41:50,NA,False,M:\Forensics\Lone Wolf 2018\KAPE\tout\D\Windows\System32\config\SYSTEM
1,328,C:\Windows\system32\DllHost.exe,2017-09-29 13:41:43,NA,False,M:\Forensics\Lone Wolf 2018\KAPE\tout\D\Windows\System32\config\SYSTEM
1,329,C:\Windows\system32\SearchFilterHost.exe,2018-02-10 04:42:10,NA,False,M:\Forensics\Lone Wolf 2018\KAPE\tout\D\Windows\System32\config\SYSTEM
1,330,C:\Windows\system32\utilman.exe,2017-09-29 13:41:39,NA,False,M:\Forensics\Lone Wolf 2018\KAPE\tout\D\Windows\System32\config\SYSTEM
1,331,C:\Windows\system32\oobe\FirstLogonAnim.exe,2017-09-29 13:41:56,NA,False,M:\Forensics\Lone Wolf 2018\KAPE\tout\D\Windows\System32\config\SYSTEM
1,332,C:\Windows\system32\SearchProtocolHost.exe,2018-02-10 04:41:26,NA,False,M:\Forensics\Lone Wolf 2018\KAPE\tout\D\Windows\System32\config\SYSTEM
1,333,C:\Windows\system32\SearchIndexer.exe,2018-02-10 04:38:16,NA,False,M:\Forensics\Lone Wolf 2018\KAPE\tout\D\Windows\System32\config\SYSTEM
1,334,C:\Windows\system32\oobe\msoobe.exe,2017-09-29 13:41:56,NA,False,M:\Forensics\Lone Wolf 2018\KAPE\tout\D\Windows\System32\config\SYSTEM
1,335,C:\Windows\system32\oobe\oobeldr.exe,2017-09-29 13:41:58,NA,False,M:\Forensics\Lone Wolf 2018\KAPE\tout\D\Windows\System32\config\SYSTEM
1,336,C:\Windows\system32\provtool.exe,2018-01-01 11:19:20,NA,False,M:\Forensics\Lone Wolf 2018\KAPE\tout\D\Windows\System32\config\SYSTEM
1,337,C:\Windows\System32\vds.exe,2017-09-29 13:42:04,NA,False,M:\Forensics\Lone Wolf 2018\KAPE\tout\D\Windows\System32\config\SYSTEM
1,338,C:\Windows\System32\vdsldr.exe,2017-09-29 13:42:04,NA,False,M:\Forensics\Lone Wolf 2018\KAPE\tout\D\Windows\System32\config\SYSTEM
1,339,C:\Windows\SysWOW64\ByteCodeGenerator.exe,2017-09-29 13:42:11,NA,False,M:\Forensics\Lone Wolf 2018\KAPE\tout\D\Windows\System32\config\SYSTEM
1,340,C:\Windows\system32\ByteCodeGenerator.exe,2017-09-29 13:41:30,NA,False,M:\Forensics\Lone Wolf 2018\KAPE\tout\D\Windows\System32\config\SYSTEM
1,341,00000009	000a42a75dd50000	000a00003ad80000	8664	Microsoft.ZuneVideo	8wekyb3d8bbwe	,,NA,False,M:\Forensics\Lone Wolf 2018\KAPE\tout\D\Windows\System32\config\SYSTEM
1,342,00000009	000a42a75dd50000	000a00003ad80000	8664	Microsoft.ZuneMusic	8wekyb3d8bbwe	,,NA,False,M:\Forensics\Lone Wolf 2018\KAPE\tout\D\Windows\System32\config\SYSTEM
1,343,00000009	000c001e13890000	000a000037ec0000	8664	Microsoft.XboxIdentityProvider	8wekyb3d8bbwe	,,NA,False,M:\Forensics\Lone Wolf 2018\KAPE\tout\D\Windows\System32\config\SYSTEM
1,344,00000009	0001001461aa0000	000a00003f520000	8664	Microsoft.XboxGameOverlay	8wekyb3d8bbwe	,,NA,False,M:\Forensics\Lone Wolf 2018\KAPE\tout\D\Windows\System32\config\SYSTEM
1,345,00000009	001f00203e820000	000a00003f810000	8664	Microsoft.XboxApp	8wekyb3d8bbwe	,,NA,False,M:\Forensics\Lone Wolf 2018\KAPE\tout\D\Windows\System32\config\SYSTEM
1,346,00000009	2dba03ea00090000	000a00003ad70000	8664	Microsoft.WindowsStore	8wekyb3d8bbwe	,,NA,False,M:\Forensics\Lone Wolf 2018\KAPE\tout\D\Windows\System32\config\SYSTEM
1,347,00000009	000a06aa06190000	000a00003ad70000	8664	Microsoft.WindowsSoundRecorder	8wekyb3d8bbwe	,,NA,False,M:\Forensics\Lone Wolf 2018\KAPE\tout\D\Windows\System32\config\SYSTEM
1,348,00000009	000506aa08d50000	000a00003ad80000	8664	Microsoft.WindowsMaps	8wekyb3d8bbwe	,,NA,False,M:\Forensics\Lone Wolf 2018\KAPE\tout\D\Windows\System32\config\SYSTEM
1,349,00000009	000106a908490000	000a00003ad70000	8664	Microsoft.WindowsFeedbackHub	8wekyb3d8bbwe	,,NA,False,M:\Forensics\Lone Wolf 2018\KAPE\tout\D\Windows\System32\config\SYSTEM
1,350,00000009	00112031a13b0000	000a00003aa90000	8664	microsoft.windowscommunicationsapps	8wekyb3d8bbwe	,,NA,False,M:\Forensics\Lone Wolf 2018\KAPE\tout\D\Windows\System32\config\SYSTEM
1,351,00000009	07e102d700140000	000a000038390000	8664	Microsoft.WindowsCamera	8wekyb3d8bbwe	,,NA,False,M:\Forensics\Lone Wolf 2018\KAPE\tout\D\Windows\System32\config\SYSTEM
1,352,00000009	000a06aa09660000	000a00003ad70000	8664	Microsoft.WindowsCalculator	8wekyb3d8bbwe	,,NA,False,M:\Forensics\Lone Wolf 2018\KAPE\tout\D\Windows\System32\config\SYSTEM
1,353,00000009	000a06aa09610000	000a00003ad70000	8664	Microsoft.WindowsAlarms	8wekyb3d8bbwe	,,NA,False,M:\Forensics\Lone Wolf 2018\KAPE\tout\D\Windows\System32\config\SYSTEM
1,354,00000009	07e190cf401a0000	000a00003ad70000	8664	Microsoft.Windows.Photos	8wekyb3d8bbwe	,,NA,False,M:\Forensics\Lone Wolf 2018\KAPE\tout\D\Windows\System32\config\SYSTEM
1,355,00000009	000100003fc80000	000a00003a770000	8664	Microsoft.Wallet	8wekyb3d8bbwe	,,NA,False,M:\Forensics\Lone Wolf 2018\KAPE\tout\D\Windows\System32\config\SYSTEM
1,356,00000009	000b001202540000	000a000038390000	8664	Microsoft.SkypeApp	kzf8qxf38zg5c	,,NA,False,M:\Forensics\Lone Wolf 2018\KAPE\tout\D\Windows\System32\config\SYSTEM
1,357,00000009	0001000009760000	000a00003ad70000	8664	Microsoft.Print3D	8wekyb3d8bbwe	,,NA,False,M:\Forensics\Lone Wolf 2018\KAPE\tout\D\Windows\System32\config\SYSTEM
1,358,00000009	000a0002092f0000	000a00003f710000	8664	Microsoft.People	8wekyb3d8bbwe	,,NA,False,M:\Forensics\Lone Wolf 2018\KAPE\tout\D\Windows\System32\config\SYSTEM
1,359,00000009	000306ac08b00000	000a00003f440000	8664	Microsoft.OneConnect	8wekyb3d8bbwe	,,NA,False,M:\Forensics\Lone Wolf 2018\KAPE\tout\D\Windows\System32\config\SYSTEM
1,360,00000009	001120aee10b0000	000a00003aa90000	8664	Microsoft.Office.OneNote	8wekyb3d8bbwe	,,NA,False,M:\Forensics\Lone Wolf 2018\KAPE\tout\D\Windows\System32\config\SYSTEM
1,361,00000009	000206ad0fbb0000	000a00003ad70000	8664	Microsoft.MSPaint	8wekyb3d8bbwe	,,NA,False,M:\Forensics\Lone Wolf 2018\KAPE\tout\D\Windows\System32\config\SYSTEM
1,362,00000009	0001000800020000	000a00003a920000	8664	Microsoft.MicrosoftStickyNotes	8wekyb3d8bbwe	,,NA,False,M:\Forensics\Lone Wolf 2018\KAPE\tout\D\Windows\System32\config\SYSTEM
1,363,00000009	000300111fe20000	000a000028000000	8664	Microsoft.MicrosoftSolitaireCollection	8wekyb3d8bbwe	,,NA,False,M:\Forensics\Lone Wolf 2018\KAPE\tout\D\Windows\System32\config\SYSTEM
1,364,00000009	001120de17250000	000a000037b10000	8664	Microsoft.MicrosoftOfficeHub	8wekyb3d8bbwe	,,NA,False,M:\Forensics\Lone Wolf 2018\KAPE\tout\D\Windows\System32\config\SYSTEM
1,365,00000009	000106ab65a30000	000a00003ad70000	8664	Microsoft.Microsoft3DViewer	8wekyb3d8bbwe	,,NA,False,M:\Forensics\Lone Wolf 2018\KAPE\tout\D\Windows\System32\config\SYSTEM
1,366,00000009	000300203a990000	000a00003ad70000	8664	Microsoft.Messaging	8wekyb3d8bbwe	,,NA,False,M:\Forensics\Lone Wolf 2018\KAPE\tout\D\Windows\System32\config\SYSTEM
1,367,00000009	0005000b06690000	000a000038390000	8664	Microsoft.Getstarted	8wekyb3d8bbwe	,,NA,False,M:\Forensics\Lone Wolf 2018\KAPE\tout\D\Windows\System32\config\SYSTEM
1,368,00000009	000100002f810000	000a00003ad70000	8664	Microsoft.DesktopAppInstaller	8wekyb3d8bbwe	,,NA,False,M:\Forensics\Lone Wolf 2018\KAPE\tout\D\Windows\System32\config\SYSTEM
1,369,00000009	0004001509bc0000	000a00003ad70000	8664	Microsoft.BingWeather	8wekyb3d8bbwe	,,NA,False,M:\Forensics\Lone Wolf 2018\KAPE\tout\D\Windows\System32\config\SYSTEM
1,370,00000000	000a06a900040000	000a000028000000	8664	Microsoft.Advertising.Xaml	8wekyb3d8bbwe	,,NA,False,M:\Forensics\Lone Wolf 2018\KAPE\tout\D\Windows\System32\config\SYSTEM
1,371,00000009	000a06a900040000	000a000028000000	8664	Microsoft.Advertising.Xaml	8wekyb3d8bbwe	,,NA,False,M:\Forensics\Lone Wolf 2018\KAPE\tout\D\Windows\System32\config\SYSTEM
1,372,00000009	000a0000064a0000	000a000028000000	8664	Microsoft.Services.Store.Engagement	8wekyb3d8bbwe	,,NA,False,M:\Forensics\Lone Wolf 2018\KAPE\tout\D\Windows\System32\config\SYSTEM
1,373,00000000	000a0000064a0000	000a000028000000	8664	Microsoft.Services.Store.Engagement	8wekyb3d8bbwe	,,NA,False,M:\Forensics\Lone Wolf 2018\KAPE\tout\D\Windows\System32\config\SYSTEM
1,374,0000000b	03e83fab000f0000	000a000000000000	8664	Microsoft.XboxGameCallableUI	cw5n1h2txyewy	neutral,,NA,False,M:\Forensics\Lone Wolf 2018\KAPE\tout\D\Windows\System32\config\SYSTEM
1,375,0000000b	000a00003fab000f	000a00003fab000f	8664	Microsoft.Windows.ShellExperienceHost	cw5n1h2txyewy	neutral,,NA,False,M:\Forensics\Lone Wolf 2018\KAPE\tout\D\Windows\System32\config\SYSTEM
1,376,0000000b	000a00003fab000f	000a000000000000	8664	Microsoft.Windows.SecureAssessmentBrowser	cw5n1h2txyewy	neutral,,NA,False,M:\Forensics\Lone Wolf 2018\KAPE\tout\D\Windows\System32\config\SYSTEM
1,377,0000000b	000a00003fab000f	000a00003f480000	8664	Microsoft.Windows.SecHealthUI	cw5n1h2txyewy	,,NA,False,M:\Forensics\Lone Wolf 2018\KAPE\tout\D\Windows\System32\config\SYSTEM
1,378,0000000b	000a00003fab000f	000a00003fab000f	8664	Microsoft.Windows.PeopleExperienceHost	cw5n1h2txyewy	neutral,,NA,False,M:\Forensics\Lone Wolf 2018\KAPE\tout\D\Windows\System32\config\SYSTEM
1,379,0000000b	0001000900063fab	000a00003fab0062	8664	Microsoft.Windows.Cortana	cw5n1h2txyewy	neutral,,NA,False,M:\Forensics\Lone Wolf 2018\KAPE\tout\D\Windows\System32\config\SYSTEM
1,380,0000000b	000a00003fab000f	000a000000000000	8664	Microsoft.Windows.ContentDeliveryManager	cw5n1h2txyewy	neutral,,NA,False,M:\Forensics\Lone Wolf 2018\KAPE\tout\D\Windows\System32\config\SYSTEM
1,381,0000000b	000a00003fab000f	000b000000000000	8664	Microsoft.Windows.CloudExperienceHost	cw5n1h2txyewy	neutral,,NA,False,M:\Forensics\Lone Wolf 2018\KAPE\tout\D\Windows\System32\config\SYSTEM
1,382,0000000b	000a00003fab000f	000a000000000000	8664	Microsoft.PPIProjection	cw5n1h2txyewy	neutral,,NA,False,M:\Forensics\Lone Wolf 2018\KAPE\tout\D\Windows\System32\config\SYSTEM
1,383,0000000b	00293fab000f0000	000c000000000000	8664	Microsoft.MicrosoftEdge	8wekyb3d8bbwe	,,NA,False,M:\Forensics\Lone Wolf 2018\KAPE\tout\D\Windows\System32\config\SYSTEM
1,384,0000000b	000a00003fab000f	000a000038390000	8664	Microsoft.ECApp	8wekyb3d8bbwe	,,NA,False,M:\Forensics\Lone Wolf 2018\KAPE\tout\D\Windows\System32\config\SYSTEM
1,385,0000000b	000a00003fab000f	000a000000000000	8664	Microsoft.BioEnrollment	cw5n1h2txyewy	,,NA,False,M:\Forensics\Lone Wolf 2018\KAPE\tout\D\Windows\System32\config\SYSTEM
1,386,0000000b	000a00003fab000f	000a00003fab000f	8664	Microsoft.AccountsControl	cw5n1h2txyewy	,,NA,False,M:\Forensics\Lone Wolf 2018\KAPE\tout\D\Windows\System32\config\SYSTEM
1,387,0000000b	03e83fab000f0000	000a0000295b0000	8664	Microsoft.AAD.BrokerPlugin	cw5n1h2txyewy	neutral,,NA,False,M:\Forensics\Lone Wolf 2018\KAPE\tout\D\Windows\System32\config\SYSTEM
1,388,C:\Program Files\Windows Defender\NisSrv.exe,2017-09-29 13:41:19,NA,False,M:\Forensics\Lone Wolf 2018\KAPE\tout\D\Windows\System32\config\SYSTEM
1,389,C:\Program Files\Windows Defender\MpCmdRun.exe,2017-09-29 13:41:19,NA,False,M:\Forensics\Lone Wolf 2018\KAPE\tout\D\Windows\System32\config\SYSTEM
1,390,C:\Windows\system32\AUDIODG.EXE,2018-02-10 06:04:36,NA,False,M:\Forensics\Lone Wolf 2018\KAPE\tout\D\Windows\System32\config\SYSTEM
1,391,C:\Windows\System32\WUDFHost.exe,2017-09-29 13:41:51,NA,False,M:\Forensics\Lone Wolf 2018\KAPE\tout\D\Windows\System32\config\SYSTEM
1,392,C:\Windows\system32\DrvInst.exe,2017-09-29 13:41:56,NA,False,M:\Forensics\Lone Wolf 2018\KAPE\tout\D\Windows\System32\config\SYSTEM
1,393,C:\Program Files\Windows Defender\MsMpEng.exe,2017-09-29 13:41:19,NA,False,M:\Forensics\Lone Wolf 2018\KAPE\tout\D\Windows\System32\config\SYSTEM
1,394,C:\Windows\system32\SecurityHealthService.exe,2018-03-01 07:17:39,NA,False,M:\Forensics\Lone Wolf 2018\KAPE\tout\D\Windows\System32\config\SYSTEM
1,395,C:\Windows\System32\spoolsv.exe,2018-01-01 11:12:09,NA,False,M:\Forensics\Lone Wolf 2018\KAPE\tout\D\Windows\System32\config\SYSTEM
1,396,C:\Windows\servicing\TrustedInstaller.exe,2017-09-29 08:45:12,NA,False,M:\Forensics\Lone Wolf 2018\KAPE\tout\D\Windows\System32\config\SYSTEM
1,397,C:\Windows\system32\secinit.exe,2017-09-29 13:41:49,NA,False,M:\Forensics\Lone Wolf 2018\KAPE\tout\D\Windows\System32\config\SYSTEM
1,398,C:\Windows\system32\oobe\setup.exe,2017-09-29 13:41:58,NA,False,M:\Forensics\Lone Wolf 2018\KAPE\tout\D\Windows\System32\config\SYSTEM
1,399,C:\Windows\system32\oobe\windeploy.exe,2017-09-29 13:41:58,NA,False,M:\Forensics\Lone Wolf 2018\KAPE\tout\D\Windows\System32\config\SYSTEM
1,400,C:\Windows\system32\dwm.exe,2017-09-29 13:41:41,NA,False,M:\Forensics\Lone Wolf 2018\KAPE\tout\D\Windows\System32\config\SYSTEM
1,401,C:\Windows\system32\sppsvc.exe,2018-02-10 06:14:34,NA,False,M:\Forensics\Lone Wolf 2018\KAPE\tout\D\Windows\System32\config\SYSTEM
1,402,C:\Windows\system32\fontdrvhost.exe,2018-01-01 12:50:17,NA,False,M:\Forensics\Lone Wolf 2018\KAPE\tout\D\Windows\System32\config\SYSTEM
1,403,c:\windows\system32\svchost.exe,2017-09-29 13:41:43,NA,False,M:\Forensics\Lone Wolf 2018\KAPE\tout\D\Windows\System32\config\SYSTEM
1,404,C:\Windows\system32\lsass.exe,2017-09-29 13:41:43,NA,False,M:\Forensics\Lone Wolf 2018\KAPE\tout\D\Windows\System32\config\SYSTEM
1,405,C:\Windows\system32\services.exe,2018-01-01 12:25:26,NA,False,M:\Forensics\Lone Wolf 2018\KAPE\tout\D\Windows\System32\config\SYSTEM
